1:[{'rouge-1': {'r': 0.0, 'p': 0.0, 'f': 0.0}, 'rouge-2': {'r': 0.0, 'p': 0.0, 'f': 0.0}, 'rouge-l': {'r': 0.0, 'p': 0.0, 'f': 0.0}}]
2:[{'rouge-1': {'r': 0.0, 'p': 0.0, 'f': 0.0}, 'rouge-2': {'r': 0.0, 'p': 0.0, 'f': 0.0}, 'rouge-l': {'r': 0.0, 'p': 0.0, 'f': 0.0}}]
3:[{'rouge-1': {'r': 1.0, 'p': 0.125, 'f': 0.2222222202469136}, 'rouge-2': {'r': 0.0, 'p': 0.0, 'f': 0.0}, 'rouge-l': {'r': 1.0, 'p': 0.125, 'f': 0.2222222202469136}}]
4:[{'rouge-1': {'r': 0.0, 'p': 0.0, 'f': 0.0}, 'rouge-2': {'r': 0.0, 'p': 0.0, 'f': 0.0}, 'rouge-l': {'r': 0.0, 'p': 0.0, 'f': 0.0}}]
5:[{'rouge-1': {'r': 0.5, 'p': 0.25, 'f': 0.33333332888888895}, 'rouge-2': {'r': 0.0, 'p': 0.0, 'f': 0.0}, 'rouge-l': {'r': 0.5, 'p': 0.25, 'f': 0.33333332888888895}}]
6:[{'rouge-1': {'r': 0.5, 'p': 0.2, 'f': 0.2857142816326531}, 'rouge-2': {'r': 0.0, 'p': 0.0, 'f': 0.0}, 'rouge-l': {'r': 0.5, 'p': 0.2, 'f': 0.2857142816326531}}]
7:[{'rouge-1': {'r': 0.0, 'p': 0.0, 'f': 0.0}, 'rouge-2': {'r': 0.0, 'p': 0.0, 'f': 0.0}, 'rouge-l': {'r': 0.0, 'p': 0.0, 'f': 0.0}}]
8:[{'rouge-1': {'r': 0.0, 'p': 0.0, 'f': 0.0}, 'rouge-2': {'r': 0.0, 'p': 0.0, 'f': 0.0}, 'rouge-l': {'r': 0.0, 'p': 0.0, 'f': 0.0}}]
9:[{'rouge-1': {'r': 0.0, 'p': 0.0, 'f': 0.0}, 'rouge-2': {'r': 0.0, 'p': 0.0, 'f': 0.0}, 'rouge-l': {'r': 0.0, 'p': 0.0, 'f': 0.0}}]
10:[{'rouge-1': {'r': 0.0, 'p': 0.0, 'f': 0.0}, 'rouge-2': {'r': 0.0, 'p': 0.0, 'f': 0.0}, 'rouge-l': {'r': 0.0, 'p': 0.0, 'f': 0.0}}]
11:[{'rouge-1': {'r': 0.5, 'p': 0.3333333333333333, 'f': 0.39999999520000007}, 'rouge-2': {'r': 0.0, 'p': 0.0, 'f': 0.0}, 'rouge-l': {'r': 0.5, 'p': 0.3333333333333333, 'f': 0.39999999520000007}}]
12:[{'rouge-1': {'r': 0.0, 'p': 0.0, 'f': 0.0}, 'rouge-2': {'r': 0.0, 'p': 0.0, 'f': 0.0}, 'rouge-l': {'r': 0.0, 'p': 0.0, 'f': 0.0}}]
13:[{'rouge-1': {'r': 0.5, 'p': 0.5, 'f': 0.4999999950000001}, 'rouge-2': {'r': 0.0, 'p': 0.0, 'f': 0.0}, 'rouge-l': {'r': 0.5, 'p': 0.5, 'f': 0.4999999950000001}}]
14:[{'rouge-1': {'r': 0.0, 'p': 0.0, 'f': 0.0}, 'rouge-2': {'r': 0.0, 'p': 0.0, 'f': 0.0}, 'rouge-l': {'r': 0.0, 'p': 0.0, 'f': 0.0}}]
15:[{'rouge-1': {'r': 0.0, 'p': 0.0, 'f': 0.0}, 'rouge-2': {'r': 0.0, 'p': 0.0, 'f': 0.0}, 'rouge-l': {'r': 0.0, 'p': 0.0, 'f': 0.0}}]
16:[{'rouge-1': {'r': 0.0, 'p': 0.0, 'f': 0.0}, 'rouge-2': {'r': 0.0, 'p': 0.0, 'f': 0.0}, 'rouge-l': {'r': 0.0, 'p': 0.0, 'f': 0.0}}]
17:[{'rouge-1': {'r': 0.0, 'p': 0.0, 'f': 0.0}, 'rouge-2': {'r': 0.0, 'p': 0.0, 'f': 0.0}, 'rouge-l': {'r': 0.0, 'p': 0.0, 'f': 0.0}}]
18:[{'rouge-1': {'r': 0.0, 'p': 0.0, 'f': 0.0}, 'rouge-2': {'r': 0.0, 'p': 0.0, 'f': 0.0}, 'rouge-l': {'r': 0.0, 'p': 0.0, 'f': 0.0}}]
19:[{'rouge-1': {'r': 0.2, 'p': 0.25, 'f': 0.22222221728395072}, 'rouge-2': {'r': 0.0, 'p': 0.0, 'f': 0.0}, 'rouge-l': {'r': 0.2, 'p': 0.25, 'f': 0.22222221728395072}}]
20:[{'rouge-1': {'r': 0.0, 'p': 0.0, 'f': 0.0}, 'rouge-2': {'r': 0.0, 'p': 0.0, 'f': 0.0}, 'rouge-l': {'r': 0.0, 'p': 0.0, 'f': 0.0}}]
21:[{'rouge-1': {'r': 0.0, 'p': 0.0, 'f': 0.0}, 'rouge-2': {'r': 0.0, 'p': 0.0, 'f': 0.0}, 'rouge-l': {'r': 0.0, 'p': 0.0, 'f': 0.0}}]
22:[{'rouge-1': {'r': 0.0, 'p': 0.0, 'f': 0.0}, 'rouge-2': {'r': 0.0, 'p': 0.0, 'f': 0.0}, 'rouge-l': {'r': 0.0, 'p': 0.0, 'f': 0.0}}]
23:[{'rouge-1': {'r': 0.0, 'p': 0.0, 'f': 0.0}, 'rouge-2': {'r': 0.0, 'p': 0.0, 'f': 0.0}, 'rouge-l': {'r': 0.0, 'p': 0.0, 'f': 0.0}}]
24:[{'rouge-1': {'r': 0.0, 'p': 0.0, 'f': 0.0}, 'rouge-2': {'r': 0.0, 'p': 0.0, 'f': 0.0}, 'rouge-l': {'r': 0.0, 'p': 0.0, 'f': 0.0}}]
25:[{'rouge-1': {'r': 0.0, 'p': 0.0, 'f': 0.0}, 'rouge-2': {'r': 0.0, 'p': 0.0, 'f': 0.0}, 'rouge-l': {'r': 0.0, 'p': 0.0, 'f': 0.0}}]
26:[{'rouge-1': {'r': 0.0, 'p': 0.0, 'f': 0.0}, 'rouge-2': {'r': 0.0, 'p': 0.0, 'f': 0.0}, 'rouge-l': {'r': 0.0, 'p': 0.0, 'f': 0.0}}]
27:[{'rouge-1': {'r': 0.0, 'p': 0.0, 'f': 0.0}, 'rouge-2': {'r': 0.0, 'p': 0.0, 'f': 0.0}, 'rouge-l': {'r': 0.0, 'p': 0.0, 'f': 0.0}}]
28:[{'rouge-1': {'r': 1.0, 'p': 0.3333333333333333, 'f': 0.4999999962500001}, 'rouge-2': {'r': 0.0, 'p': 0.0, 'f': 0.0}, 'rouge-l': {'r': 1.0, 'p': 0.3333333333333333, 'f': 0.4999999962500001}}]
29:[{'rouge-1': {'r': 0.0, 'p': 0.0, 'f': 0.0}, 'rouge-2': {'r': 0.0, 'p': 0.0, 'f': 0.0}, 'rouge-l': {'r': 0.0, 'p': 0.0, 'f': 0.0}}]
30:[{'rouge-1': {'r': 0.0, 'p': 0.0, 'f': 0.0}, 'rouge-2': {'r': 0.0, 'p': 0.0, 'f': 0.0}, 'rouge-l': {'r': 0.0, 'p': 0.0, 'f': 0.0}}]
31:[{'rouge-1': {'r': 0.0, 'p': 0.0, 'f': 0.0}, 'rouge-2': {'r': 0.0, 'p': 0.0, 'f': 0.0}, 'rouge-l': {'r': 0.0, 'p': 0.0, 'f': 0.0}}]
32:[{'rouge-1': {'r': 0.0, 'p': 0.0, 'f': 0.0}, 'rouge-2': {'r': 0.0, 'p': 0.0, 'f': 0.0}, 'rouge-l': {'r': 0.0, 'p': 0.0, 'f': 0.0}}]
33:[{'rouge-1': {'r': 0.0, 'p': 0.0, 'f': 0.0}, 'rouge-2': {'r': 0.0, 'p': 0.0, 'f': 0.0}, 'rouge-l': {'r': 0.0, 'p': 0.0, 'f': 0.0}}]
34:[{'rouge-1': {'r': 0.0, 'p': 0.0, 'f': 0.0}, 'rouge-2': {'r': 0.0, 'p': 0.0, 'f': 0.0}, 'rouge-l': {'r': 0.0, 'p': 0.0, 'f': 0.0}}]
35:[{'rouge-1': {'r': 0.0, 'p': 0.0, 'f': 0.0}, 'rouge-2': {'r': 0.0, 'p': 0.0, 'f': 0.0}, 'rouge-l': {'r': 0.0, 'p': 0.0, 'f': 0.0}}]
36:[{'rouge-1': {'r': 0.25, 'p': 0.2, 'f': 0.22222221728395072}, 'rouge-2': {'r': 0.0, 'p': 0.0, 'f': 0.0}, 'rouge-l': {'r': 0.25, 'p': 0.2, 'f': 0.22222221728395072}}]
37:[{'rouge-1': {'r': 0.5, 'p': 0.3333333333333333, 'f': 0.39999999520000007}, 'rouge-2': {'r': 0.0, 'p': 0.0, 'f': 0.0}, 'rouge-l': {'r': 0.5, 'p': 0.3333333333333333, 'f': 0.39999999520000007}}]
38:[{'rouge-1': {'r': 0.0, 'p': 0.0, 'f': 0.0}, 'rouge-2': {'r': 0.0, 'p': 0.0, 'f': 0.0}, 'rouge-l': {'r': 0.0, 'p': 0.0, 'f': 0.0}}]
39:[{'rouge-1': {'r': 0.0, 'p': 0.0, 'f': 0.0}, 'rouge-2': {'r': 0.0, 'p': 0.0, 'f': 0.0}, 'rouge-l': {'r': 0.0, 'p': 0.0, 'f': 0.0}}]
40:[{'rouge-1': {'r': 0.0, 'p': 0.0, 'f': 0.0}, 'rouge-2': {'r': 0.0, 'p': 0.0, 'f': 0.0}, 'rouge-l': {'r': 0.0, 'p': 0.0, 'f': 0.0}}]
41:[{'rouge-1': {'r': 0.0, 'p': 0.0, 'f': 0.0}, 'rouge-2': {'r': 0.0, 'p': 0.0, 'f': 0.0}, 'rouge-l': {'r': 0.0, 'p': 0.0, 'f': 0.0}}]
42:[{'rouge-1': {'r': 0.0, 'p': 0.0, 'f': 0.0}, 'rouge-2': {'r': 0.0, 'p': 0.0, 'f': 0.0}, 'rouge-l': {'r': 0.0, 'p': 0.0, 'f': 0.0}}]
43:[{'rouge-1': {'r': 0.5, 'p': 0.3333333333333333, 'f': 0.39999999520000007}, 'rouge-2': {'r': 0.0, 'p': 0.0, 'f': 0.0}, 'rouge-l': {'r': 0.5, 'p': 0.3333333333333333, 'f': 0.39999999520000007}}]
44:[{'rouge-1': {'r': 0.0, 'p': 0.0, 'f': 0.0}, 'rouge-2': {'r': 0.0, 'p': 0.0, 'f': 0.0}, 'rouge-l': {'r': 0.0, 'p': 0.0, 'f': 0.0}}]
45:[{'rouge-1': {'r': 0.0, 'p': 0.0, 'f': 0.0}, 'rouge-2': {'r': 0.0, 'p': 0.0, 'f': 0.0}, 'rouge-l': {'r': 0.0, 'p': 0.0, 'f': 0.0}}]
46:[{'rouge-1': {'r': 0.0, 'p': 0.0, 'f': 0.0}, 'rouge-2': {'r': 0.0, 'p': 0.0, 'f': 0.0}, 'rouge-l': {'r': 0.0, 'p': 0.0, 'f': 0.0}}]
47:[{'rouge-1': {'r': 0.0, 'p': 0.0, 'f': 0.0}, 'rouge-2': {'r': 0.0, 'p': 0.0, 'f': 0.0}, 'rouge-l': {'r': 0.0, 'p': 0.0, 'f': 0.0}}]
48:[{'rouge-1': {'r': 0.0, 'p': 0.0, 'f': 0.0}, 'rouge-2': {'r': 0.0, 'p': 0.0, 'f': 0.0}, 'rouge-l': {'r': 0.0, 'p': 0.0, 'f': 0.0}}]
49:[{'rouge-1': {'r': 0.0, 'p': 0.0, 'f': 0.0}, 'rouge-2': {'r': 0.0, 'p': 0.0, 'f': 0.0}, 'rouge-l': {'r': 0.0, 'p': 0.0, 'f': 0.0}}]
50:[{'rouge-1': {'r': 0.0, 'p': 0.0, 'f': 0.0}, 'rouge-2': {'r': 0.0, 'p': 0.0, 'f': 0.0}, 'rouge-l': {'r': 0.0, 'p': 0.0, 'f': 0.0}}]
51:[{'rouge-1': {'r': 1.0, 'p': 0.6666666666666666, 'f': 0.7999999952000001}, 'rouge-2': {'r': 0.0, 'p': 0.0, 'f': 0.0}, 'rouge-l': {'r': 1.0, 'p': 0.6666666666666666, 'f': 0.7999999952000001}}]
52:[{'rouge-1': {'r': 0.0, 'p': 0.0, 'f': 0.0}, 'rouge-2': {'r': 0.0, 'p': 0.0, 'f': 0.0}, 'rouge-l': {'r': 0.0, 'p': 0.0, 'f': 0.0}}]
53:[{'rouge-1': {'r': 0.0, 'p': 0.0, 'f': 0.0}, 'rouge-2': {'r': 0.0, 'p': 0.0, 'f': 0.0}, 'rouge-l': {'r': 0.0, 'p': 0.0, 'f': 0.0}}]
54:[{'rouge-1': {'r': 0.0, 'p': 0.0, 'f': 0.0}, 'rouge-2': {'r': 0.0, 'p': 0.0, 'f': 0.0}, 'rouge-l': {'r': 0.0, 'p': 0.0, 'f': 0.0}}]
55:[{'rouge-1': {'r': 0.0, 'p': 0.0, 'f': 0.0}, 'rouge-2': {'r': 0.0, 'p': 0.0, 'f': 0.0}, 'rouge-l': {'r': 0.0, 'p': 0.0, 'f': 0.0}}]
56:[{'rouge-1': {'r': 0.0, 'p': 0.0, 'f': 0.0}, 'rouge-2': {'r': 0.0, 'p': 0.0, 'f': 0.0}, 'rouge-l': {'r': 0.0, 'p': 0.0, 'f': 0.0}}]
57:[{'rouge-1': {'r': 0.0, 'p': 0.0, 'f': 0.0}, 'rouge-2': {'r': 0.0, 'p': 0.0, 'f': 0.0}, 'rouge-l': {'r': 0.0, 'p': 0.0, 'f': 0.0}}]
58:[{'rouge-1': {'r': 0.0, 'p': 0.0, 'f': 0.0}, 'rouge-2': {'r': 0.0, 'p': 0.0, 'f': 0.0}, 'rouge-l': {'r': 0.0, 'p': 0.0, 'f': 0.0}}]
59:[{'rouge-1': {'r': 0.0, 'p': 0.0, 'f': 0.0}, 'rouge-2': {'r': 0.0, 'p': 0.0, 'f': 0.0}, 'rouge-l': {'r': 0.0, 'p': 0.0, 'f': 0.0}}]
60:[{'rouge-1': {'r': 0.0, 'p': 0.0, 'f': 0.0}, 'rouge-2': {'r': 0.0, 'p': 0.0, 'f': 0.0}, 'rouge-l': {'r': 0.0, 'p': 0.0, 'f': 0.0}}]
61:[{'rouge-1': {'r': 0.0, 'p': 0.0, 'f': 0.0}, 'rouge-2': {'r': 0.0, 'p': 0.0, 'f': 0.0}, 'rouge-l': {'r': 0.0, 'p': 0.0, 'f': 0.0}}]
62:[{'rouge-1': {'r': 0.0, 'p': 0.0, 'f': 0.0}, 'rouge-2': {'r': 0.0, 'p': 0.0, 'f': 0.0}, 'rouge-l': {'r': 0.0, 'p': 0.0, 'f': 0.0}}]
63:[{'rouge-1': {'r': 0.0, 'p': 0.0, 'f': 0.0}, 'rouge-2': {'r': 0.0, 'p': 0.0, 'f': 0.0}, 'rouge-l': {'r': 0.0, 'p': 0.0, 'f': 0.0}}]
64:[{'rouge-1': {'r': 0.0, 'p': 0.0, 'f': 0.0}, 'rouge-2': {'r': 0.0, 'p': 0.0, 'f': 0.0}, 'rouge-l': {'r': 0.0, 'p': 0.0, 'f': 0.0}}]
65:[{'rouge-1': {'r': 0.5, 'p': 0.3333333333333333, 'f': 0.39999999520000007}, 'rouge-2': {'r': 0.0, 'p': 0.0, 'f': 0.0}, 'rouge-l': {'r': 0.5, 'p': 0.3333333333333333, 'f': 0.39999999520000007}}]
66:[{'rouge-1': {'r': 0.0, 'p': 0.0, 'f': 0.0}, 'rouge-2': {'r': 0.0, 'p': 0.0, 'f': 0.0}, 'rouge-l': {'r': 0.0, 'p': 0.0, 'f': 0.0}}]
67:[{'rouge-1': {'r': 0.0, 'p': 0.0, 'f': 0.0}, 'rouge-2': {'r': 0.0, 'p': 0.0, 'f': 0.0}, 'rouge-l': {'r': 0.0, 'p': 0.0, 'f': 0.0}}]
68:[{'rouge-1': {'r': 0.0, 'p': 0.0, 'f': 0.0}, 'rouge-2': {'r': 0.0, 'p': 0.0, 'f': 0.0}, 'rouge-l': {'r': 0.0, 'p': 0.0, 'f': 0.0}}]
69:[{'rouge-1': {'r': 0.0, 'p': 0.0, 'f': 0.0}, 'rouge-2': {'r': 0.0, 'p': 0.0, 'f': 0.0}, 'rouge-l': {'r': 0.0, 'p': 0.0, 'f': 0.0}}]
70:[{'rouge-1': {'r': 0.0, 'p': 0.0, 'f': 0.0}, 'rouge-2': {'r': 0.0, 'p': 0.0, 'f': 0.0}, 'rouge-l': {'r': 0.0, 'p': 0.0, 'f': 0.0}}]
71:[{'rouge-1': {'r': 0.0, 'p': 0.0, 'f': 0.0}, 'rouge-2': {'r': 0.0, 'p': 0.0, 'f': 0.0}, 'rouge-l': {'r': 0.0, 'p': 0.0, 'f': 0.0}}]
72:[{'rouge-1': {'r': 0.25, 'p': 0.3333333333333333, 'f': 0.2857142808163266}, 'rouge-2': {'r': 0.0, 'p': 0.0, 'f': 0.0}, 'rouge-l': {'r': 0.25, 'p': 0.3333333333333333, 'f': 0.2857142808163266}}]
73:[{'rouge-1': {'r': 1.0, 'p': 0.5, 'f': 0.6666666622222223}, 'rouge-2': {'r': 1.0, 'p': 0.3333333333333333, 'f': 0.4999999962500001}, 'rouge-l': {'r': 1.0, 'p': 0.5, 'f': 0.6666666622222223}}]
74:[{'rouge-1': {'r': 0.0, 'p': 0.0, 'f': 0.0}, 'rouge-2': {'r': 0.0, 'p': 0.0, 'f': 0.0}, 'rouge-l': {'r': 0.0, 'p': 0.0, 'f': 0.0}}]
75:[{'rouge-1': {'r': 1.0, 'p': 0.6666666666666666, 'f': 0.7999999952000001}, 'rouge-2': {'r': 0.0, 'p': 0.0, 'f': 0.0}, 'rouge-l': {'r': 1.0, 'p': 0.6666666666666666, 'f': 0.7999999952000001}}]
76:[{'rouge-1': {'r': 0.25, 'p': 0.5, 'f': 0.33333332888888895}, 'rouge-2': {'r': 0.0, 'p': 0.0, 'f': 0.0}, 'rouge-l': {'r': 0.25, 'p': 0.5, 'f': 0.33333332888888895}}]
77:[{'rouge-1': {'r': 0.5, 'p': 0.5, 'f': 0.4999999950000001}, 'rouge-2': {'r': 0.0, 'p': 0.0, 'f': 0.0}, 'rouge-l': {'r': 0.5, 'p': 0.5, 'f': 0.4999999950000001}}]
78:[{'rouge-1': {'r': 0.0, 'p': 0.0, 'f': 0.0}, 'rouge-2': {'r': 0.0, 'p': 0.0, 'f': 0.0}, 'rouge-l': {'r': 0.0, 'p': 0.0, 'f': 0.0}}]
79:[{'rouge-1': {'r': 0.0, 'p': 0.0, 'f': 0.0}, 'rouge-2': {'r': 0.0, 'p': 0.0, 'f': 0.0}, 'rouge-l': {'r': 0.0, 'p': 0.0, 'f': 0.0}}]
80:[{'rouge-1': {'r': 0.0, 'p': 0.0, 'f': 0.0}, 'rouge-2': {'r': 0.0, 'p': 0.0, 'f': 0.0}, 'rouge-l': {'r': 0.0, 'p': 0.0, 'f': 0.0}}]
81:[{'rouge-1': {'r': 0.5, 'p': 0.2, 'f': 0.2857142816326531}, 'rouge-2': {'r': 0.0, 'p': 0.0, 'f': 0.0}, 'rouge-l': {'r': 0.5, 'p': 0.2, 'f': 0.2857142816326531}}]
82:[{'rouge-1': {'r': 0.0, 'p': 0.0, 'f': 0.0}, 'rouge-2': {'r': 0.0, 'p': 0.0, 'f': 0.0}, 'rouge-l': {'r': 0.0, 'p': 0.0, 'f': 0.0}}]
83:[{'rouge-1': {'r': 0.0, 'p': 0.0, 'f': 0.0}, 'rouge-2': {'r': 0.0, 'p': 0.0, 'f': 0.0}, 'rouge-l': {'r': 0.0, 'p': 0.0, 'f': 0.0}}]
84:[{'rouge-1': {'r': 0.0, 'p': 0.0, 'f': 0.0}, 'rouge-2': {'r': 0.0, 'p': 0.0, 'f': 0.0}, 'rouge-l': {'r': 0.0, 'p': 0.0, 'f': 0.0}}]
85:[{'rouge-1': {'r': 0.0, 'p': 0.0, 'f': 0.0}, 'rouge-2': {'r': 0.0, 'p': 0.0, 'f': 0.0}, 'rouge-l': {'r': 0.0, 'p': 0.0, 'f': 0.0}}]
86:[{'rouge-1': {'r': 0.5, 'p': 0.3333333333333333, 'f': 0.39999999520000007}, 'rouge-2': {'r': 0.0, 'p': 0.0, 'f': 0.0}, 'rouge-l': {'r': 0.5, 'p': 0.3333333333333333, 'f': 0.39999999520000007}}]
87:[{'rouge-1': {'r': 0.0, 'p': 0.0, 'f': 0.0}, 'rouge-2': {'r': 0.0, 'p': 0.0, 'f': 0.0}, 'rouge-l': {'r': 0.0, 'p': 0.0, 'f': 0.0}}]
88:[{'rouge-1': {'r': 0.0, 'p': 0.0, 'f': 0.0}, 'rouge-2': {'r': 0.0, 'p': 0.0, 'f': 0.0}, 'rouge-l': {'r': 0.0, 'p': 0.0, 'f': 0.0}}]
89:[{'rouge-1': {'r': 0.0, 'p': 0.0, 'f': 0.0}, 'rouge-2': {'r': 0.0, 'p': 0.0, 'f': 0.0}, 'rouge-l': {'r': 0.0, 'p': 0.0, 'f': 0.0}}]
90:[{'rouge-1': {'r': 0.0, 'p': 0.0, 'f': 0.0}, 'rouge-2': {'r': 0.0, 'p': 0.0, 'f': 0.0}, 'rouge-l': {'r': 0.0, 'p': 0.0, 'f': 0.0}}]
91:[{'rouge-1': {'r': 0.0, 'p': 0.0, 'f': 0.0}, 'rouge-2': {'r': 0.0, 'p': 0.0, 'f': 0.0}, 'rouge-l': {'r': 0.0, 'p': 0.0, 'f': 0.0}}]
92:[{'rouge-1': {'r': 0.25, 'p': 0.25, 'f': 0.24999999500000009}, 'rouge-2': {'r': 0.0, 'p': 0.0, 'f': 0.0}, 'rouge-l': {'r': 0.25, 'p': 0.25, 'f': 0.24999999500000009}}]
93:[{'rouge-1': {'r': 0.0, 'p': 0.0, 'f': 0.0}, 'rouge-2': {'r': 0.0, 'p': 0.0, 'f': 0.0}, 'rouge-l': {'r': 0.0, 'p': 0.0, 'f': 0.0}}]
94:[{'rouge-1': {'r': 0.0, 'p': 0.0, 'f': 0.0}, 'rouge-2': {'r': 0.0, 'p': 0.0, 'f': 0.0}, 'rouge-l': {'r': 0.0, 'p': 0.0, 'f': 0.0}}]
95:[{'rouge-1': {'r': 0.3333333333333333, 'p': 0.25, 'f': 0.2857142808163266}, 'rouge-2': {'r': 0.0, 'p': 0.0, 'f': 0.0}, 'rouge-l': {'r': 0.3333333333333333, 'p': 0.25, 'f': 0.2857142808163266}}]
96:[{'rouge-1': {'r': 1.0, 'p': 0.6666666666666666, 'f': 0.7999999952000001}, 'rouge-2': {'r': 1.0, 'p': 0.6, 'f': 0.7499999953125}, 'rouge-l': {'r': 1.0, 'p': 0.6666666666666666, 'f': 0.7999999952000001}}]
97:[{'rouge-1': {'r': 0.0, 'p': 0.0, 'f': 0.0}, 'rouge-2': {'r': 0.0, 'p': 0.0, 'f': 0.0}, 'rouge-l': {'r': 0.0, 'p': 0.0, 'f': 0.0}}]
98:[{'rouge-1': {'r': 0.0, 'p': 0.0, 'f': 0.0}, 'rouge-2': {'r': 0.0, 'p': 0.0, 'f': 0.0}, 'rouge-l': {'r': 0.0, 'p': 0.0, 'f': 0.0}}]
99:[{'rouge-1': {'r': 0.0, 'p': 0.0, 'f': 0.0}, 'rouge-2': {'r': 0.0, 'p': 0.0, 'f': 0.0}, 'rouge-l': {'r': 0.0, 'p': 0.0, 'f': 0.0}}]
100:[{'rouge-1': {'r': 0.0, 'p': 0.0, 'f': 0.0}, 'rouge-2': {'r': 0.0, 'p': 0.0, 'f': 0.0}, 'rouge-l': {'r': 0.0, 'p': 0.0, 'f': 0.0}}]
101:[{'rouge-1': {'r': 0.5, 'p': 0.25, 'f': 0.33333332888888895}, 'rouge-2': {'r': 0.0, 'p': 0.0, 'f': 0.0}, 'rouge-l': {'r': 0.5, 'p': 0.25, 'f': 0.33333332888888895}}]
102:[{'rouge-1': {'r': 0.0, 'p': 0.0, 'f': 0.0}, 'rouge-2': {'r': 0.0, 'p': 0.0, 'f': 0.0}, 'rouge-l': {'r': 0.0, 'p': 0.0, 'f': 0.0}}]
103:[{'rouge-1': {'r': 0.0, 'p': 0.0, 'f': 0.0}, 'rouge-2': {'r': 0.0, 'p': 0.0, 'f': 0.0}, 'rouge-l': {'r': 0.0, 'p': 0.0, 'f': 0.0}}]
104:[{'rouge-1': {'r': 0.0, 'p': 0.0, 'f': 0.0}, 'rouge-2': {'r': 0.0, 'p': 0.0, 'f': 0.0}, 'rouge-l': {'r': 0.0, 'p': 0.0, 'f': 0.0}}]
105:[{'rouge-1': {'r': 0.5, 'p': 0.5, 'f': 0.4999999950000001}, 'rouge-2': {'r': 0.0, 'p': 0.0, 'f': 0.0}, 'rouge-l': {'r': 0.5, 'p': 0.5, 'f': 0.4999999950000001}}]
106:[{'rouge-1': {'r': 0.0, 'p': 0.0, 'f': 0.0}, 'rouge-2': {'r': 0.0, 'p': 0.0, 'f': 0.0}, 'rouge-l': {'r': 0.0, 'p': 0.0, 'f': 0.0}}]
107:[{'rouge-1': {'r': 0.0, 'p': 0.0, 'f': 0.0}, 'rouge-2': {'r': 0.0, 'p': 0.0, 'f': 0.0}, 'rouge-l': {'r': 0.0, 'p': 0.0, 'f': 0.0}}]
108:[{'rouge-1': {'r': 1.0, 'p': 0.2, 'f': 0.33333333055555564}, 'rouge-2': {'r': 0.0, 'p': 0.0, 'f': 0.0}, 'rouge-l': {'r': 1.0, 'p': 0.2, 'f': 0.33333333055555564}}]
109:[{'rouge-1': {'r': 0.0, 'p': 0.0, 'f': 0.0}, 'rouge-2': {'r': 0.0, 'p': 0.0, 'f': 0.0}, 'rouge-l': {'r': 0.0, 'p': 0.0, 'f': 0.0}}]
110:[{'rouge-1': {'r': 0.0, 'p': 0.0, 'f': 0.0}, 'rouge-2': {'r': 0.0, 'p': 0.0, 'f': 0.0}, 'rouge-l': {'r': 0.0, 'p': 0.0, 'f': 0.0}}]
111:[{'rouge-1': {'r': 0.0, 'p': 0.0, 'f': 0.0}, 'rouge-2': {'r': 0.0, 'p': 0.0, 'f': 0.0}, 'rouge-l': {'r': 0.0, 'p': 0.0, 'f': 0.0}}]
112:[{'rouge-1': {'r': 0.0, 'p': 0.0, 'f': 0.0}, 'rouge-2': {'r': 0.0, 'p': 0.0, 'f': 0.0}, 'rouge-l': {'r': 0.0, 'p': 0.0, 'f': 0.0}}]
113:[{'rouge-1': {'r': 0.0, 'p': 0.0, 'f': 0.0}, 'rouge-2': {'r': 0.0, 'p': 0.0, 'f': 0.0}, 'rouge-l': {'r': 0.0, 'p': 0.0, 'f': 0.0}}]
114:[{'rouge-1': {'r': 0.0, 'p': 0.0, 'f': 0.0}, 'rouge-2': {'r': 0.0, 'p': 0.0, 'f': 0.0}, 'rouge-l': {'r': 0.0, 'p': 0.0, 'f': 0.0}}]
115:[{'rouge-1': {'r': 0.0, 'p': 0.0, 'f': 0.0}, 'rouge-2': {'r': 0.0, 'p': 0.0, 'f': 0.0}, 'rouge-l': {'r': 0.0, 'p': 0.0, 'f': 0.0}}]
116:[{'rouge-1': {'r': 0.0, 'p': 0.0, 'f': 0.0}, 'rouge-2': {'r': 0.0, 'p': 0.0, 'f': 0.0}, 'rouge-l': {'r': 0.0, 'p': 0.0, 'f': 0.0}}]
117:[{'rouge-1': {'r': 0.5, 'p': 0.5, 'f': 0.4999999950000001}, 'rouge-2': {'r': 0.0, 'p': 0.0, 'f': 0.0}, 'rouge-l': {'r': 0.5, 'p': 0.5, 'f': 0.4999999950000001}}]
118:[{'rouge-1': {'r': 0.0, 'p': 0.0, 'f': 0.0}, 'rouge-2': {'r': 0.0, 'p': 0.0, 'f': 0.0}, 'rouge-l': {'r': 0.0, 'p': 0.0, 'f': 0.0}}]
119:[{'rouge-1': {'r': 0.0, 'p': 0.0, 'f': 0.0}, 'rouge-2': {'r': 0.0, 'p': 0.0, 'f': 0.0}, 'rouge-l': {'r': 0.0, 'p': 0.0, 'f': 0.0}}]
120:[{'rouge-1': {'r': 0.0, 'p': 0.0, 'f': 0.0}, 'rouge-2': {'r': 0.0, 'p': 0.0, 'f': 0.0}, 'rouge-l': {'r': 0.0, 'p': 0.0, 'f': 0.0}}]
121:[{'rouge-1': {'r': 0.0, 'p': 0.0, 'f': 0.0}, 'rouge-2': {'r': 0.0, 'p': 0.0, 'f': 0.0}, 'rouge-l': {'r': 0.0, 'p': 0.0, 'f': 0.0}}]
122:[{'rouge-1': {'r': 0.5, 'p': 0.25, 'f': 0.33333332888888895}, 'rouge-2': {'r': 0.0, 'p': 0.0, 'f': 0.0}, 'rouge-l': {'r': 0.5, 'p': 0.25, 'f': 0.33333332888888895}}]
123:[{'rouge-1': {'r': 1.0, 'p': 0.25, 'f': 0.39999999680000003}, 'rouge-2': {'r': 0.0, 'p': 0.0, 'f': 0.0}, 'rouge-l': {'r': 1.0, 'p': 0.25, 'f': 0.39999999680000003}}]
124:[{'rouge-1': {'r': 1.0, 'p': 1.0, 'f': 0.999999995}, 'rouge-2': {'r': 1.0, 'p': 1.0, 'f': 0.999999995}, 'rouge-l': {'r': 1.0, 'p': 1.0, 'f': 0.999999995}}]
125:[{'rouge-1': {'r': 0.0, 'p': 0.0, 'f': 0.0}, 'rouge-2': {'r': 0.0, 'p': 0.0, 'f': 0.0}, 'rouge-l': {'r': 0.0, 'p': 0.0, 'f': 0.0}}]
126:[{'rouge-1': {'r': 0.0, 'p': 0.0, 'f': 0.0}, 'rouge-2': {'r': 0.0, 'p': 0.0, 'f': 0.0}, 'rouge-l': {'r': 0.0, 'p': 0.0, 'f': 0.0}}]
127:[{'rouge-1': {'r': 0.0, 'p': 0.0, 'f': 0.0}, 'rouge-2': {'r': 0.0, 'p': 0.0, 'f': 0.0}, 'rouge-l': {'r': 0.0, 'p': 0.0, 'f': 0.0}}]
128:[{'rouge-1': {'r': 0.0, 'p': 0.0, 'f': 0.0}, 'rouge-2': {'r': 0.0, 'p': 0.0, 'f': 0.0}, 'rouge-l': {'r': 0.0, 'p': 0.0, 'f': 0.0}}]
129:[{'rouge-1': {'r': 0.0, 'p': 0.0, 'f': 0.0}, 'rouge-2': {'r': 0.0, 'p': 0.0, 'f': 0.0}, 'rouge-l': {'r': 0.0, 'p': 0.0, 'f': 0.0}}]
130:[{'rouge-1': {'r': 0.0, 'p': 0.0, 'f': 0.0}, 'rouge-2': {'r': 0.0, 'p': 0.0, 'f': 0.0}, 'rouge-l': {'r': 0.0, 'p': 0.0, 'f': 0.0}}]
131:[{'rouge-1': {'r': 0.0, 'p': 0.0, 'f': 0.0}, 'rouge-2': {'r': 0.0, 'p': 0.0, 'f': 0.0}, 'rouge-l': {'r': 0.0, 'p': 0.0, 'f': 0.0}}]
132:[{'rouge-1': {'r': 0.0, 'p': 0.0, 'f': 0.0}, 'rouge-2': {'r': 0.0, 'p': 0.0, 'f': 0.0}, 'rouge-l': {'r': 0.0, 'p': 0.0, 'f': 0.0}}]
133:[{'rouge-1': {'r': 0.5, 'p': 0.5, 'f': 0.4999999950000001}, 'rouge-2': {'r': 0.0, 'p': 0.0, 'f': 0.0}, 'rouge-l': {'r': 0.5, 'p': 0.5, 'f': 0.4999999950000001}}]
134:[{'rouge-1': {'r': 0.0, 'p': 0.0, 'f': 0.0}, 'rouge-2': {'r': 0.0, 'p': 0.0, 'f': 0.0}, 'rouge-l': {'r': 0.0, 'p': 0.0, 'f': 0.0}}]
135:[{'rouge-1': {'r': 0.3333333333333333, 'p': 0.2, 'f': 0.24999999531250006}, 'rouge-2': {'r': 0.0, 'p': 0.0, 'f': 0.0}, 'rouge-l': {'r': 0.3333333333333333, 'p': 0.2, 'f': 0.24999999531250006}}]
136:[{'rouge-1': {'r': 0.0, 'p': 0.0, 'f': 0.0}, 'rouge-2': {'r': 0.0, 'p': 0.0, 'f': 0.0}, 'rouge-l': {'r': 0.0, 'p': 0.0, 'f': 0.0}}]
137:[{'rouge-1': {'r': 0.0, 'p': 0.0, 'f': 0.0}, 'rouge-2': {'r': 0.0, 'p': 0.0, 'f': 0.0}, 'rouge-l': {'r': 0.0, 'p': 0.0, 'f': 0.0}}]
138:[{'rouge-1': {'r': 0.0, 'p': 0.0, 'f': 0.0}, 'rouge-2': {'r': 0.0, 'p': 0.0, 'f': 0.0}, 'rouge-l': {'r': 0.0, 'p': 0.0, 'f': 0.0}}]
139:[{'rouge-1': {'r': 0.0, 'p': 0.0, 'f': 0.0}, 'rouge-2': {'r': 0.0, 'p': 0.0, 'f': 0.0}, 'rouge-l': {'r': 0.0, 'p': 0.0, 'f': 0.0}}]
140:[{'rouge-1': {'r': 0.0, 'p': 0.0, 'f': 0.0}, 'rouge-2': {'r': 0.0, 'p': 0.0, 'f': 0.0}, 'rouge-l': {'r': 0.0, 'p': 0.0, 'f': 0.0}}]
141:[{'rouge-1': {'r': 0.0, 'p': 0.0, 'f': 0.0}, 'rouge-2': {'r': 0.0, 'p': 0.0, 'f': 0.0}, 'rouge-l': {'r': 0.0, 'p': 0.0, 'f': 0.0}}]
142:[{'rouge-1': {'r': 0.0, 'p': 0.0, 'f': 0.0}, 'rouge-2': {'r': 0.0, 'p': 0.0, 'f': 0.0}, 'rouge-l': {'r': 0.0, 'p': 0.0, 'f': 0.0}}]
143:[{'rouge-1': {'r': 0.0, 'p': 0.0, 'f': 0.0}, 'rouge-2': {'r': 0.0, 'p': 0.0, 'f': 0.0}, 'rouge-l': {'r': 0.0, 'p': 0.0, 'f': 0.0}}]
144:[{'rouge-1': {'r': 0.0, 'p': 0.0, 'f': 0.0}, 'rouge-2': {'r': 0.0, 'p': 0.0, 'f': 0.0}, 'rouge-l': {'r': 0.0, 'p': 0.0, 'f': 0.0}}]
145:[{'rouge-1': {'r': 0.0, 'p': 0.0, 'f': 0.0}, 'rouge-2': {'r': 0.0, 'p': 0.0, 'f': 0.0}, 'rouge-l': {'r': 0.0, 'p': 0.0, 'f': 0.0}}]
146:[{'rouge-1': {'r': 0.0, 'p': 0.0, 'f': 0.0}, 'rouge-2': {'r': 0.0, 'p': 0.0, 'f': 0.0}, 'rouge-l': {'r': 0.0, 'p': 0.0, 'f': 0.0}}]
147:[{'rouge-1': {'r': 0.0, 'p': 0.0, 'f': 0.0}, 'rouge-2': {'r': 0.0, 'p': 0.0, 'f': 0.0}, 'rouge-l': {'r': 0.0, 'p': 0.0, 'f': 0.0}}]
148:[{'rouge-1': {'r': 0.0, 'p': 0.0, 'f': 0.0}, 'rouge-2': {'r': 0.0, 'p': 0.0, 'f': 0.0}, 'rouge-l': {'r': 0.0, 'p': 0.0, 'f': 0.0}}]
149:[{'rouge-1': {'r': 0.0, 'p': 0.0, 'f': 0.0}, 'rouge-2': {'r': 0.0, 'p': 0.0, 'f': 0.0}, 'rouge-l': {'r': 0.0, 'p': 0.0, 'f': 0.0}}]
150:[{'rouge-1': {'r': 0.0, 'p': 0.0, 'f': 0.0}, 'rouge-2': {'r': 0.0, 'p': 0.0, 'f': 0.0}, 'rouge-l': {'r': 0.0, 'p': 0.0, 'f': 0.0}}]
151:[{'rouge-1': {'r': 0.5, 'p': 0.25, 'f': 0.33333332888888895}, 'rouge-2': {'r': 0.0, 'p': 0.0, 'f': 0.0}, 'rouge-l': {'r': 0.5, 'p': 0.25, 'f': 0.33333332888888895}}]
152:[{'rouge-1': {'r': 0.0, 'p': 0.0, 'f': 0.0}, 'rouge-2': {'r': 0.0, 'p': 0.0, 'f': 0.0}, 'rouge-l': {'r': 0.0, 'p': 0.0, 'f': 0.0}}]
153:[{'rouge-1': {'r': 1.0, 'p': 1.0, 'f': 0.999999995}, 'rouge-2': {'r': 1.0, 'p': 1.0, 'f': 0.999999995}, 'rouge-l': {'r': 1.0, 'p': 1.0, 'f': 0.999999995}}]
154:[{'rouge-1': {'r': 0.0, 'p': 0.0, 'f': 0.0}, 'rouge-2': {'r': 0.0, 'p': 0.0, 'f': 0.0}, 'rouge-l': {'r': 0.0, 'p': 0.0, 'f': 0.0}}]
155:[{'rouge-1': {'r': 0.5, 'p': 0.2, 'f': 0.2857142816326531}, 'rouge-2': {'r': 0.0, 'p': 0.0, 'f': 0.0}, 'rouge-l': {'r': 0.5, 'p': 0.2, 'f': 0.2857142816326531}}]
156:[{'rouge-1': {'r': 0.0, 'p': 0.0, 'f': 0.0}, 'rouge-2': {'r': 0.0, 'p': 0.0, 'f': 0.0}, 'rouge-l': {'r': 0.0, 'p': 0.0, 'f': 0.0}}]
157:[{'rouge-1': {'r': 0.5, 'p': 0.5, 'f': 0.4999999950000001}, 'rouge-2': {'r': 0.0, 'p': 0.0, 'f': 0.0}, 'rouge-l': {'r': 0.5, 'p': 0.5, 'f': 0.4999999950000001}}]
158:[{'rouge-1': {'r': 0.0, 'p': 0.0, 'f': 0.0}, 'rouge-2': {'r': 0.0, 'p': 0.0, 'f': 0.0}, 'rouge-l': {'r': 0.0, 'p': 0.0, 'f': 0.0}}]
159:[{'rouge-1': {'r': 0.0, 'p': 0.0, 'f': 0.0}, 'rouge-2': {'r': 0.0, 'p': 0.0, 'f': 0.0}, 'rouge-l': {'r': 0.0, 'p': 0.0, 'f': 0.0}}]
160:[{'rouge-1': {'r': 0.0, 'p': 0.0, 'f': 0.0}, 'rouge-2': {'r': 0.0, 'p': 0.0, 'f': 0.0}, 'rouge-l': {'r': 0.0, 'p': 0.0, 'f': 0.0}}]
161:[{'rouge-1': {'r': 0.0, 'p': 0.0, 'f': 0.0}, 'rouge-2': {'r': 0.0, 'p': 0.0, 'f': 0.0}, 'rouge-l': {'r': 0.0, 'p': 0.0, 'f': 0.0}}]
162:[{'rouge-1': {'r': 0.0, 'p': 0.0, 'f': 0.0}, 'rouge-2': {'r': 0.0, 'p': 0.0, 'f': 0.0}, 'rouge-l': {'r': 0.0, 'p': 0.0, 'f': 0.0}}]
163:[{'rouge-1': {'r': 0.0, 'p': 0.0, 'f': 0.0}, 'rouge-2': {'r': 0.0, 'p': 0.0, 'f': 0.0}, 'rouge-l': {'r': 0.0, 'p': 0.0, 'f': 0.0}}]
164:[{'rouge-1': {'r': 1.0, 'p': 0.5, 'f': 0.6666666622222223}, 'rouge-2': {'r': 0.0, 'p': 0.0, 'f': 0.0}, 'rouge-l': {'r': 1.0, 'p': 0.5, 'f': 0.6666666622222223}}]
165:[{'rouge-1': {'r': 0.0, 'p': 0.0, 'f': 0.0}, 'rouge-2': {'r': 0.0, 'p': 0.0, 'f': 0.0}, 'rouge-l': {'r': 0.0, 'p': 0.0, 'f': 0.0}}]
166:[{'rouge-1': {'r': 0.0, 'p': 0.0, 'f': 0.0}, 'rouge-2': {'r': 0.0, 'p': 0.0, 'f': 0.0}, 'rouge-l': {'r': 0.0, 'p': 0.0, 'f': 0.0}}]
167:[{'rouge-1': {'r': 0.0, 'p': 0.0, 'f': 0.0}, 'rouge-2': {'r': 0.0, 'p': 0.0, 'f': 0.0}, 'rouge-l': {'r': 0.0, 'p': 0.0, 'f': 0.0}}]
168:[{'rouge-1': {'r': 0.5, 'p': 0.25, 'f': 0.33333332888888895}, 'rouge-2': {'r': 0.0, 'p': 0.0, 'f': 0.0}, 'rouge-l': {'r': 0.5, 'p': 0.25, 'f': 0.33333332888888895}}]
169:[{'rouge-1': {'r': 0.0, 'p': 0.0, 'f': 0.0}, 'rouge-2': {'r': 0.0, 'p': 0.0, 'f': 0.0}, 'rouge-l': {'r': 0.0, 'p': 0.0, 'f': 0.0}}]
170:[{'rouge-1': {'r': 0.5, 'p': 0.3333333333333333, 'f': 0.39999999520000007}, 'rouge-2': {'r': 0.0, 'p': 0.0, 'f': 0.0}, 'rouge-l': {'r': 0.5, 'p': 0.3333333333333333, 'f': 0.39999999520000007}}]
171:[{'rouge-1': {'r': 0.0, 'p': 0.0, 'f': 0.0}, 'rouge-2': {'r': 0.0, 'p': 0.0, 'f': 0.0}, 'rouge-l': {'r': 0.0, 'p': 0.0, 'f': 0.0}}]
172:[{'rouge-1': {'r': 0.0, 'p': 0.0, 'f': 0.0}, 'rouge-2': {'r': 0.0, 'p': 0.0, 'f': 0.0}, 'rouge-l': {'r': 0.0, 'p': 0.0, 'f': 0.0}}]
173:[{'rouge-1': {'r': 0.0, 'p': 0.0, 'f': 0.0}, 'rouge-2': {'r': 0.0, 'p': 0.0, 'f': 0.0}, 'rouge-l': {'r': 0.0, 'p': 0.0, 'f': 0.0}}]
174:[{'rouge-1': {'r': 0.25, 'p': 0.16666666666666666, 'f': 0.1999999952000001}, 'rouge-2': {'r': 0.0, 'p': 0.0, 'f': 0.0}, 'rouge-l': {'r': 0.25, 'p': 0.16666666666666666, 'f': 0.1999999952000001}}]
175:[{'rouge-1': {'r': 0.0, 'p': 0.0, 'f': 0.0}, 'rouge-2': {'r': 0.0, 'p': 0.0, 'f': 0.0}, 'rouge-l': {'r': 0.0, 'p': 0.0, 'f': 0.0}}]
176:[{'rouge-1': {'r': 0.0, 'p': 0.0, 'f': 0.0}, 'rouge-2': {'r': 0.0, 'p': 0.0, 'f': 0.0}, 'rouge-l': {'r': 0.0, 'p': 0.0, 'f': 0.0}}]
177:[{'rouge-1': {'r': 0.5, 'p': 0.5, 'f': 0.4999999950000001}, 'rouge-2': {'r': 0.0, 'p': 0.0, 'f': 0.0}, 'rouge-l': {'r': 0.5, 'p': 0.5, 'f': 0.4999999950000001}}]
178:[{'rouge-1': {'r': 0.0, 'p': 0.0, 'f': 0.0}, 'rouge-2': {'r': 0.0, 'p': 0.0, 'f': 0.0}, 'rouge-l': {'r': 0.0, 'p': 0.0, 'f': 0.0}}]
179:[{'rouge-1': {'r': 0.0, 'p': 0.0, 'f': 0.0}, 'rouge-2': {'r': 0.0, 'p': 0.0, 'f': 0.0}, 'rouge-l': {'r': 0.0, 'p': 0.0, 'f': 0.0}}]
180:[{'rouge-1': {'r': 0.0, 'p': 0.0, 'f': 0.0}, 'rouge-2': {'r': 0.0, 'p': 0.0, 'f': 0.0}, 'rouge-l': {'r': 0.0, 'p': 0.0, 'f': 0.0}}]
181:[{'rouge-1': {'r': 0.5, 'p': 0.3333333333333333, 'f': 0.39999999520000007}, 'rouge-2': {'r': 0.0, 'p': 0.0, 'f': 0.0}, 'rouge-l': {'r': 0.5, 'p': 0.3333333333333333, 'f': 0.39999999520000007}}]
182:[{'rouge-1': {'r': 0.0, 'p': 0.0, 'f': 0.0}, 'rouge-2': {'r': 0.0, 'p': 0.0, 'f': 0.0}, 'rouge-l': {'r': 0.0, 'p': 0.0, 'f': 0.0}}]
183:[{'rouge-1': {'r': 0.0, 'p': 0.0, 'f': 0.0}, 'rouge-2': {'r': 0.0, 'p': 0.0, 'f': 0.0}, 'rouge-l': {'r': 0.0, 'p': 0.0, 'f': 0.0}}]
184:[{'rouge-1': {'r': 0.5, 'p': 0.5, 'f': 0.4999999950000001}, 'rouge-2': {'r': 0.0, 'p': 0.0, 'f': 0.0}, 'rouge-l': {'r': 0.5, 'p': 0.5, 'f': 0.4999999950000001}}]
185:[{'rouge-1': {'r': 0.0, 'p': 0.0, 'f': 0.0}, 'rouge-2': {'r': 0.0, 'p': 0.0, 'f': 0.0}, 'rouge-l': {'r': 0.0, 'p': 0.0, 'f': 0.0}}]
186:[{'rouge-1': {'r': 0.5, 'p': 0.3333333333333333, 'f': 0.39999999520000007}, 'rouge-2': {'r': 0.0, 'p': 0.0, 'f': 0.0}, 'rouge-l': {'r': 0.5, 'p': 0.3333333333333333, 'f': 0.39999999520000007}}]
187:[{'rouge-1': {'r': 0.0, 'p': 0.0, 'f': 0.0}, 'rouge-2': {'r': 0.0, 'p': 0.0, 'f': 0.0}, 'rouge-l': {'r': 0.0, 'p': 0.0, 'f': 0.0}}]
188:[{'rouge-1': {'r': 0.0, 'p': 0.0, 'f': 0.0}, 'rouge-2': {'r': 0.0, 'p': 0.0, 'f': 0.0}, 'rouge-l': {'r': 0.0, 'p': 0.0, 'f': 0.0}}]
189:[{'rouge-1': {'r': 0.5, 'p': 0.3333333333333333, 'f': 0.39999999520000007}, 'rouge-2': {'r': 0.0, 'p': 0.0, 'f': 0.0}, 'rouge-l': {'r': 0.5, 'p': 0.3333333333333333, 'f': 0.39999999520000007}}]
190:[{'rouge-1': {'r': 0.0, 'p': 0.0, 'f': 0.0}, 'rouge-2': {'r': 0.0, 'p': 0.0, 'f': 0.0}, 'rouge-l': {'r': 0.0, 'p': 0.0, 'f': 0.0}}]
191:[{'rouge-1': {'r': 0.0, 'p': 0.0, 'f': 0.0}, 'rouge-2': {'r': 0.0, 'p': 0.0, 'f': 0.0}, 'rouge-l': {'r': 0.0, 'p': 0.0, 'f': 0.0}}]
192:[{'rouge-1': {'r': 0.0, 'p': 0.0, 'f': 0.0}, 'rouge-2': {'r': 0.0, 'p': 0.0, 'f': 0.0}, 'rouge-l': {'r': 0.0, 'p': 0.0, 'f': 0.0}}]
193:[{'rouge-1': {'r': 0.0, 'p': 0.0, 'f': 0.0}, 'rouge-2': {'r': 0.0, 'p': 0.0, 'f': 0.0}, 'rouge-l': {'r': 0.0, 'p': 0.0, 'f': 0.0}}]
194:[{'rouge-1': {'r': 0.5, 'p': 0.3333333333333333, 'f': 0.39999999520000007}, 'rouge-2': {'r': 0.0, 'p': 0.0, 'f': 0.0}, 'rouge-l': {'r': 0.5, 'p': 0.3333333333333333, 'f': 0.39999999520000007}}]
195:[{'rouge-1': {'r': 0.5, 'p': 0.3333333333333333, 'f': 0.39999999520000007}, 'rouge-2': {'r': 0.0, 'p': 0.0, 'f': 0.0}, 'rouge-l': {'r': 0.5, 'p': 0.3333333333333333, 'f': 0.39999999520000007}}]
196:[{'rouge-1': {'r': 0.0, 'p': 0.0, 'f': 0.0}, 'rouge-2': {'r': 0.0, 'p': 0.0, 'f': 0.0}, 'rouge-l': {'r': 0.0, 'p': 0.0, 'f': 0.0}}]
197:[{'rouge-1': {'r': 0.0, 'p': 0.0, 'f': 0.0}, 'rouge-2': {'r': 0.0, 'p': 0.0, 'f': 0.0}, 'rouge-l': {'r': 0.0, 'p': 0.0, 'f': 0.0}}]
198:[{'rouge-1': {'r': 0.0, 'p': 0.0, 'f': 0.0}, 'rouge-2': {'r': 0.0, 'p': 0.0, 'f': 0.0}, 'rouge-l': {'r': 0.0, 'p': 0.0, 'f': 0.0}}]
199:[{'rouge-1': {'r': 0.0, 'p': 0.0, 'f': 0.0}, 'rouge-2': {'r': 0.0, 'p': 0.0, 'f': 0.0}, 'rouge-l': {'r': 0.0, 'p': 0.0, 'f': 0.0}}]
200:[{'rouge-1': {'r': 0.0, 'p': 0.0, 'f': 0.0}, 'rouge-2': {'r': 0.0, 'p': 0.0, 'f': 0.0}, 'rouge-l': {'r': 0.0, 'p': 0.0, 'f': 0.0}}]
201:[{'rouge-1': {'r': 0.0, 'p': 0.0, 'f': 0.0}, 'rouge-2': {'r': 0.0, 'p': 0.0, 'f': 0.0}, 'rouge-l': {'r': 0.0, 'p': 0.0, 'f': 0.0}}]
202:[{'rouge-1': {'r': 0.3333333333333333, 'p': 0.2, 'f': 0.24999999531250006}, 'rouge-2': {'r': 0.0, 'p': 0.0, 'f': 0.0}, 'rouge-l': {'r': 0.3333333333333333, 'p': 0.2, 'f': 0.24999999531250006}}]
203:[{'rouge-1': {'r': 0.0, 'p': 0.0, 'f': 0.0}, 'rouge-2': {'r': 0.0, 'p': 0.0, 'f': 0.0}, 'rouge-l': {'r': 0.0, 'p': 0.0, 'f': 0.0}}]
204:[{'rouge-1': {'r': 0.2, 'p': 0.3333333333333333, 'f': 0.24999999531250006}, 'rouge-2': {'r': 0.0, 'p': 0.0, 'f': 0.0}, 'rouge-l': {'r': 0.2, 'p': 0.3333333333333333, 'f': 0.24999999531250006}}]
205:[{'rouge-1': {'r': 0.0, 'p': 0.0, 'f': 0.0}, 'rouge-2': {'r': 0.0, 'p': 0.0, 'f': 0.0}, 'rouge-l': {'r': 0.0, 'p': 0.0, 'f': 0.0}}]
206:[{'rouge-1': {'r': 0.0, 'p': 0.0, 'f': 0.0}, 'rouge-2': {'r': 0.0, 'p': 0.0, 'f': 0.0}, 'rouge-l': {'r': 0.0, 'p': 0.0, 'f': 0.0}}]
207:[{'rouge-1': {'r': 0.0, 'p': 0.0, 'f': 0.0}, 'rouge-2': {'r': 0.0, 'p': 0.0, 'f': 0.0}, 'rouge-l': {'r': 0.0, 'p': 0.0, 'f': 0.0}}]
208:[{'rouge-1': {'r': 0.0, 'p': 0.0, 'f': 0.0}, 'rouge-2': {'r': 0.0, 'p': 0.0, 'f': 0.0}, 'rouge-l': {'r': 0.0, 'p': 0.0, 'f': 0.0}}]
209:[{'rouge-1': {'r': 0.0, 'p': 0.0, 'f': 0.0}, 'rouge-2': {'r': 0.0, 'p': 0.0, 'f': 0.0}, 'rouge-l': {'r': 0.0, 'p': 0.0, 'f': 0.0}}]
210:[{'rouge-1': {'r': 0.0, 'p': 0.0, 'f': 0.0}, 'rouge-2': {'r': 0.0, 'p': 0.0, 'f': 0.0}, 'rouge-l': {'r': 0.0, 'p': 0.0, 'f': 0.0}}]
211:[{'rouge-1': {'r': 0.0, 'p': 0.0, 'f': 0.0}, 'rouge-2': {'r': 0.0, 'p': 0.0, 'f': 0.0}, 'rouge-l': {'r': 0.0, 'p': 0.0, 'f': 0.0}}]
212:[{'rouge-1': {'r': 0.0, 'p': 0.0, 'f': 0.0}, 'rouge-2': {'r': 0.0, 'p': 0.0, 'f': 0.0}, 'rouge-l': {'r': 0.0, 'p': 0.0, 'f': 0.0}}]
213:[{'rouge-1': {'r': 0.0, 'p': 0.0, 'f': 0.0}, 'rouge-2': {'r': 0.0, 'p': 0.0, 'f': 0.0}, 'rouge-l': {'r': 0.0, 'p': 0.0, 'f': 0.0}}]
214:[{'rouge-1': {'r': 0.0, 'p': 0.0, 'f': 0.0}, 'rouge-2': {'r': 0.0, 'p': 0.0, 'f': 0.0}, 'rouge-l': {'r': 0.0, 'p': 0.0, 'f': 0.0}}]
215:[{'rouge-1': {'r': 0.0, 'p': 0.0, 'f': 0.0}, 'rouge-2': {'r': 0.0, 'p': 0.0, 'f': 0.0}, 'rouge-l': {'r': 0.0, 'p': 0.0, 'f': 0.0}}]
216:[{'rouge-1': {'r': 0.5, 'p': 0.5, 'f': 0.4999999950000001}, 'rouge-2': {'r': 0.0, 'p': 0.0, 'f': 0.0}, 'rouge-l': {'r': 0.5, 'p': 0.5, 'f': 0.4999999950000001}}]
217:[{'rouge-1': {'r': 0.6666666666666666, 'p': 0.4, 'f': 0.49999999531250006}, 'rouge-2': {'r': 0.5, 'p': 0.25, 'f': 0.33333332888888895}, 'rouge-l': {'r': 0.6666666666666666, 'p': 0.4, 'f': 0.49999999531250006}}]
218:[{'rouge-1': {'r': 0.0, 'p': 0.0, 'f': 0.0}, 'rouge-2': {'r': 0.0, 'p': 0.0, 'f': 0.0}, 'rouge-l': {'r': 0.0, 'p': 0.0, 'f': 0.0}}]
219:[{'rouge-1': {'r': 0.0, 'p': 0.0, 'f': 0.0}, 'rouge-2': {'r': 0.0, 'p': 0.0, 'f': 0.0}, 'rouge-l': {'r': 0.0, 'p': 0.0, 'f': 0.0}}]
220:[{'rouge-1': {'r': 0.0, 'p': 0.0, 'f': 0.0}, 'rouge-2': {'r': 0.0, 'p': 0.0, 'f': 0.0}, 'rouge-l': {'r': 0.0, 'p': 0.0, 'f': 0.0}}]
221:[{'rouge-1': {'r': 0.0, 'p': 0.0, 'f': 0.0}, 'rouge-2': {'r': 0.0, 'p': 0.0, 'f': 0.0}, 'rouge-l': {'r': 0.0, 'p': 0.0, 'f': 0.0}}]
222:[{'rouge-1': {'r': 0.0, 'p': 0.0, 'f': 0.0}, 'rouge-2': {'r': 0.0, 'p': 0.0, 'f': 0.0}, 'rouge-l': {'r': 0.0, 'p': 0.0, 'f': 0.0}}]
223:[{'rouge-1': {'r': 0.0, 'p': 0.0, 'f': 0.0}, 'rouge-2': {'r': 0.0, 'p': 0.0, 'f': 0.0}, 'rouge-l': {'r': 0.0, 'p': 0.0, 'f': 0.0}}]
224:[{'rouge-1': {'r': 0.5, 'p': 0.5, 'f': 0.4999999950000001}, 'rouge-2': {'r': 0.0, 'p': 0.0, 'f': 0.0}, 'rouge-l': {'r': 0.5, 'p': 0.5, 'f': 0.4999999950000001}}]
225:[{'rouge-1': {'r': 1.0, 'p': 1.0, 'f': 0.999999995}, 'rouge-2': {'r': 1.0, 'p': 1.0, 'f': 0.999999995}, 'rouge-l': {'r': 1.0, 'p': 1.0, 'f': 0.999999995}}]
226:[{'rouge-1': {'r': 0.5, 'p': 0.5, 'f': 0.4999999950000001}, 'rouge-2': {'r': 0.0, 'p': 0.0, 'f': 0.0}, 'rouge-l': {'r': 0.5, 'p': 0.5, 'f': 0.4999999950000001}}]
227:[{'rouge-1': {'r': 0.0, 'p': 0.0, 'f': 0.0}, 'rouge-2': {'r': 0.0, 'p': 0.0, 'f': 0.0}, 'rouge-l': {'r': 0.0, 'p': 0.0, 'f': 0.0}}]
228:[{'rouge-1': {'r': 0.5, 'p': 0.5, 'f': 0.4999999950000001}, 'rouge-2': {'r': 0.0, 'p': 0.0, 'f': 0.0}, 'rouge-l': {'r': 0.5, 'p': 0.5, 'f': 0.4999999950000001}}]
229:[{'rouge-1': {'r': 0.0, 'p': 0.0, 'f': 0.0}, 'rouge-2': {'r': 0.0, 'p': 0.0, 'f': 0.0}, 'rouge-l': {'r': 0.0, 'p': 0.0, 'f': 0.0}}]
230:[{'rouge-1': {'r': 0.0, 'p': 0.0, 'f': 0.0}, 'rouge-2': {'r': 0.0, 'p': 0.0, 'f': 0.0}, 'rouge-l': {'r': 0.0, 'p': 0.0, 'f': 0.0}}]
231:[{'rouge-1': {'r': 0.0, 'p': 0.0, 'f': 0.0}, 'rouge-2': {'r': 0.0, 'p': 0.0, 'f': 0.0}, 'rouge-l': {'r': 0.0, 'p': 0.0, 'f': 0.0}}]
232:[{'rouge-1': {'r': 0.0, 'p': 0.0, 'f': 0.0}, 'rouge-2': {'r': 0.0, 'p': 0.0, 'f': 0.0}, 'rouge-l': {'r': 0.0, 'p': 0.0, 'f': 0.0}}]
233:[{'rouge-1': {'r': 0.0, 'p': 0.0, 'f': 0.0}, 'rouge-2': {'r': 0.0, 'p': 0.0, 'f': 0.0}, 'rouge-l': {'r': 0.0, 'p': 0.0, 'f': 0.0}}]
234:[{'rouge-1': {'r': 0.0, 'p': 0.0, 'f': 0.0}, 'rouge-2': {'r': 0.0, 'p': 0.0, 'f': 0.0}, 'rouge-l': {'r': 0.0, 'p': 0.0, 'f': 0.0}}]
235:[{'rouge-1': {'r': 0.0, 'p': 0.0, 'f': 0.0}, 'rouge-2': {'r': 0.0, 'p': 0.0, 'f': 0.0}, 'rouge-l': {'r': 0.0, 'p': 0.0, 'f': 0.0}}]
236:[{'rouge-1': {'r': 1.0, 'p': 0.16666666666666666, 'f': 0.2857142832653061}, 'rouge-2': {'r': 0.0, 'p': 0.0, 'f': 0.0}, 'rouge-l': {'r': 1.0, 'p': 0.16666666666666666, 'f': 0.2857142832653061}}]
237:[{'rouge-1': {'r': 0.0, 'p': 0.0, 'f': 0.0}, 'rouge-2': {'r': 0.0, 'p': 0.0, 'f': 0.0}, 'rouge-l': {'r': 0.0, 'p': 0.0, 'f': 0.0}}]
238:[{'rouge-1': {'r': 0.0, 'p': 0.0, 'f': 0.0}, 'rouge-2': {'r': 0.0, 'p': 0.0, 'f': 0.0}, 'rouge-l': {'r': 0.0, 'p': 0.0, 'f': 0.0}}]
239:[{'rouge-1': {'r': 0.0, 'p': 0.0, 'f': 0.0}, 'rouge-2': {'r': 0.0, 'p': 0.0, 'f': 0.0}, 'rouge-l': {'r': 0.0, 'p': 0.0, 'f': 0.0}}]
240:[{'rouge-1': {'r': 0.0, 'p': 0.0, 'f': 0.0}, 'rouge-2': {'r': 0.0, 'p': 0.0, 'f': 0.0}, 'rouge-l': {'r': 0.0, 'p': 0.0, 'f': 0.0}}]
241:[{'rouge-1': {'r': 0.0, 'p': 0.0, 'f': 0.0}, 'rouge-2': {'r': 0.0, 'p': 0.0, 'f': 0.0}, 'rouge-l': {'r': 0.0, 'p': 0.0, 'f': 0.0}}]
242:[{'rouge-1': {'r': 0.0, 'p': 0.0, 'f': 0.0}, 'rouge-2': {'r': 0.0, 'p': 0.0, 'f': 0.0}, 'rouge-l': {'r': 0.0, 'p': 0.0, 'f': 0.0}}]
243:[{'rouge-1': {'r': 0.0, 'p': 0.0, 'f': 0.0}, 'rouge-2': {'r': 0.0, 'p': 0.0, 'f': 0.0}, 'rouge-l': {'r': 0.0, 'p': 0.0, 'f': 0.0}}]
244:[{'rouge-1': {'r': 0.0, 'p': 0.0, 'f': 0.0}, 'rouge-2': {'r': 0.0, 'p': 0.0, 'f': 0.0}, 'rouge-l': {'r': 0.0, 'p': 0.0, 'f': 0.0}}]
245:[{'rouge-1': {'r': 0.0, 'p': 0.0, 'f': 0.0}, 'rouge-2': {'r': 0.0, 'p': 0.0, 'f': 0.0}, 'rouge-l': {'r': 0.0, 'p': 0.0, 'f': 0.0}}]
246:[{'rouge-1': {'r': 0.0, 'p': 0.0, 'f': 0.0}, 'rouge-2': {'r': 0.0, 'p': 0.0, 'f': 0.0}, 'rouge-l': {'r': 0.0, 'p': 0.0, 'f': 0.0}}]
247:[{'rouge-1': {'r': 0.0, 'p': 0.0, 'f': 0.0}, 'rouge-2': {'r': 0.0, 'p': 0.0, 'f': 0.0}, 'rouge-l': {'r': 0.0, 'p': 0.0, 'f': 0.0}}]
248:[{'rouge-1': {'r': 0.0, 'p': 0.0, 'f': 0.0}, 'rouge-2': {'r': 0.0, 'p': 0.0, 'f': 0.0}, 'rouge-l': {'r': 0.0, 'p': 0.0, 'f': 0.0}}]
249:[{'rouge-1': {'r': 0.0, 'p': 0.0, 'f': 0.0}, 'rouge-2': {'r': 0.0, 'p': 0.0, 'f': 0.0}, 'rouge-l': {'r': 0.0, 'p': 0.0, 'f': 0.0}}]
250:[{'rouge-1': {'r': 0.5, 'p': 0.2, 'f': 0.2857142816326531}, 'rouge-2': {'r': 0.0, 'p': 0.0, 'f': 0.0}, 'rouge-l': {'r': 0.5, 'p': 0.2, 'f': 0.2857142816326531}}]
251:[{'rouge-1': {'r': 0.0, 'p': 0.0, 'f': 0.0}, 'rouge-2': {'r': 0.0, 'p': 0.0, 'f': 0.0}, 'rouge-l': {'r': 0.0, 'p': 0.0, 'f': 0.0}}]
252:[{'rouge-1': {'r': 0.0, 'p': 0.0, 'f': 0.0}, 'rouge-2': {'r': 0.0, 'p': 0.0, 'f': 0.0}, 'rouge-l': {'r': 0.0, 'p': 0.0, 'f': 0.0}}]
253:[{'rouge-1': {'r': 0.0, 'p': 0.0, 'f': 0.0}, 'rouge-2': {'r': 0.0, 'p': 0.0, 'f': 0.0}, 'rouge-l': {'r': 0.0, 'p': 0.0, 'f': 0.0}}]
254:[{'rouge-1': {'r': 0.5, 'p': 0.25, 'f': 0.33333332888888895}, 'rouge-2': {'r': 0.0, 'p': 0.0, 'f': 0.0}, 'rouge-l': {'r': 0.5, 'p': 0.25, 'f': 0.33333332888888895}}]
255:[{'rouge-1': {'r': 0.0, 'p': 0.0, 'f': 0.0}, 'rouge-2': {'r': 0.0, 'p': 0.0, 'f': 0.0}, 'rouge-l': {'r': 0.0, 'p': 0.0, 'f': 0.0}}]
256:[{'rouge-1': {'r': 0.0, 'p': 0.0, 'f': 0.0}, 'rouge-2': {'r': 0.0, 'p': 0.0, 'f': 0.0}, 'rouge-l': {'r': 0.0, 'p': 0.0, 'f': 0.0}}]
257:[{'rouge-1': {'r': 0.0, 'p': 0.0, 'f': 0.0}, 'rouge-2': {'r': 0.0, 'p': 0.0, 'f': 0.0}, 'rouge-l': {'r': 0.0, 'p': 0.0, 'f': 0.0}}]
258:[{'rouge-1': {'r': 0.5, 'p': 0.25, 'f': 0.33333332888888895}, 'rouge-2': {'r': 0.0, 'p': 0.0, 'f': 0.0}, 'rouge-l': {'r': 0.5, 'p': 0.25, 'f': 0.33333332888888895}}]
259:[{'rouge-1': {'r': 0.0, 'p': 0.0, 'f': 0.0}, 'rouge-2': {'r': 0.0, 'p': 0.0, 'f': 0.0}, 'rouge-l': {'r': 0.0, 'p': 0.0, 'f': 0.0}}]
260:[{'rouge-1': {'r': 0.5, 'p': 0.2, 'f': 0.2857142816326531}, 'rouge-2': {'r': 0.0, 'p': 0.0, 'f': 0.0}, 'rouge-l': {'r': 0.5, 'p': 0.2, 'f': 0.2857142816326531}}]
261:[{'rouge-1': {'r': 0.0, 'p': 0.0, 'f': 0.0}, 'rouge-2': {'r': 0.0, 'p': 0.0, 'f': 0.0}, 'rouge-l': {'r': 0.0, 'p': 0.0, 'f': 0.0}}]
262:[{'rouge-1': {'r': 0.0, 'p': 0.0, 'f': 0.0}, 'rouge-2': {'r': 0.0, 'p': 0.0, 'f': 0.0}, 'rouge-l': {'r': 0.0, 'p': 0.0, 'f': 0.0}}]
263:[{'rouge-1': {'r': 1.0, 'p': 0.6666666666666666, 'f': 0.7999999952000001}, 'rouge-2': {'r': 0.0, 'p': 0.0, 'f': 0.0}, 'rouge-l': {'r': 1.0, 'p': 0.6666666666666666, 'f': 0.7999999952000001}}]
264:[{'rouge-1': {'r': 1.0, 'p': 0.5, 'f': 0.6666666622222223}, 'rouge-2': {'r': 0.0, 'p': 0.0, 'f': 0.0}, 'rouge-l': {'r': 0.5, 'p': 0.25, 'f': 0.33333332888888895}}]
265:[{'rouge-1': {'r': 0.5, 'p': 0.25, 'f': 0.33333332888888895}, 'rouge-2': {'r': 0.0, 'p': 0.0, 'f': 0.0}, 'rouge-l': {'r': 0.5, 'p': 0.25, 'f': 0.33333332888888895}}]
266:[{'rouge-1': {'r': 0.0, 'p': 0.0, 'f': 0.0}, 'rouge-2': {'r': 0.0, 'p': 0.0, 'f': 0.0}, 'rouge-l': {'r': 0.0, 'p': 0.0, 'f': 0.0}}]
267:[{'rouge-1': {'r': 0.0, 'p': 0.0, 'f': 0.0}, 'rouge-2': {'r': 0.0, 'p': 0.0, 'f': 0.0}, 'rouge-l': {'r': 0.0, 'p': 0.0, 'f': 0.0}}]
268:[{'rouge-1': {'r': 0.5, 'p': 0.5, 'f': 0.4999999950000001}, 'rouge-2': {'r': 0.0, 'p': 0.0, 'f': 0.0}, 'rouge-l': {'r': 0.5, 'p': 0.5, 'f': 0.4999999950000001}}]
269:[{'rouge-1': {'r': 0.5, 'p': 0.2, 'f': 0.2857142816326531}, 'rouge-2': {'r': 0.0, 'p': 0.0, 'f': 0.0}, 'rouge-l': {'r': 0.5, 'p': 0.2, 'f': 0.2857142816326531}}]
270:[{'rouge-1': {'r': 0.0, 'p': 0.0, 'f': 0.0}, 'rouge-2': {'r': 0.0, 'p': 0.0, 'f': 0.0}, 'rouge-l': {'r': 0.0, 'p': 0.0, 'f': 0.0}}]
271:[{'rouge-1': {'r': 0.0, 'p': 0.0, 'f': 0.0}, 'rouge-2': {'r': 0.0, 'p': 0.0, 'f': 0.0}, 'rouge-l': {'r': 0.0, 'p': 0.0, 'f': 0.0}}]
272:[{'rouge-1': {'r': 0.0, 'p': 0.0, 'f': 0.0}, 'rouge-2': {'r': 0.0, 'p': 0.0, 'f': 0.0}, 'rouge-l': {'r': 0.0, 'p': 0.0, 'f': 0.0}}]
273:[{'rouge-1': {'r': 0.0, 'p': 0.0, 'f': 0.0}, 'rouge-2': {'r': 0.0, 'p': 0.0, 'f': 0.0}, 'rouge-l': {'r': 0.0, 'p': 0.0, 'f': 0.0}}]
274:[{'rouge-1': {'r': 0.0, 'p': 0.0, 'f': 0.0}, 'rouge-2': {'r': 0.0, 'p': 0.0, 'f': 0.0}, 'rouge-l': {'r': 0.0, 'p': 0.0, 'f': 0.0}}]
275:[{'rouge-1': {'r': 0.0, 'p': 0.0, 'f': 0.0}, 'rouge-2': {'r': 0.0, 'p': 0.0, 'f': 0.0}, 'rouge-l': {'r': 0.0, 'p': 0.0, 'f': 0.0}}]
276:[{'rouge-1': {'r': 0.5, 'p': 0.3333333333333333, 'f': 0.39999999520000007}, 'rouge-2': {'r': 0.0, 'p': 0.0, 'f': 0.0}, 'rouge-l': {'r': 0.5, 'p': 0.3333333333333333, 'f': 0.39999999520000007}}]
277:[{'rouge-1': {'r': 0.0, 'p': 0.0, 'f': 0.0}, 'rouge-2': {'r': 0.0, 'p': 0.0, 'f': 0.0}, 'rouge-l': {'r': 0.0, 'p': 0.0, 'f': 0.0}}]
278:[{'rouge-1': {'r': 0.0, 'p': 0.0, 'f': 0.0}, 'rouge-2': {'r': 0.0, 'p': 0.0, 'f': 0.0}, 'rouge-l': {'r': 0.0, 'p': 0.0, 'f': 0.0}}]
279:[{'rouge-1': {'r': 0.0, 'p': 0.0, 'f': 0.0}, 'rouge-2': {'r': 0.0, 'p': 0.0, 'f': 0.0}, 'rouge-l': {'r': 0.0, 'p': 0.0, 'f': 0.0}}]
280:[{'rouge-1': {'r': 0.0, 'p': 0.0, 'f': 0.0}, 'rouge-2': {'r': 0.0, 'p': 0.0, 'f': 0.0}, 'rouge-l': {'r': 0.0, 'p': 0.0, 'f': 0.0}}]
281:[{'rouge-1': {'r': 1.0, 'p': 0.25, 'f': 0.39999999680000003}, 'rouge-2': {'r': 0.0, 'p': 0.0, 'f': 0.0}, 'rouge-l': {'r': 1.0, 'p': 0.25, 'f': 0.39999999680000003}}]
282:[{'rouge-1': {'r': 0.0, 'p': 0.0, 'f': 0.0}, 'rouge-2': {'r': 0.0, 'p': 0.0, 'f': 0.0}, 'rouge-l': {'r': 0.0, 'p': 0.0, 'f': 0.0}}]
283:[{'rouge-1': {'r': 0.0, 'p': 0.0, 'f': 0.0}, 'rouge-2': {'r': 0.0, 'p': 0.0, 'f': 0.0}, 'rouge-l': {'r': 0.0, 'p': 0.0, 'f': 0.0}}]
284:[{'rouge-1': {'r': 0.0, 'p': 0.0, 'f': 0.0}, 'rouge-2': {'r': 0.0, 'p': 0.0, 'f': 0.0}, 'rouge-l': {'r': 0.0, 'p': 0.0, 'f': 0.0}}]
285:[{'rouge-1': {'r': 0.0, 'p': 0.0, 'f': 0.0}, 'rouge-2': {'r': 0.0, 'p': 0.0, 'f': 0.0}, 'rouge-l': {'r': 0.0, 'p': 0.0, 'f': 0.0}}]
286:[{'rouge-1': {'r': 0.6666666666666666, 'p': 0.5, 'f': 0.5714285665306124}, 'rouge-2': {'r': 0.0, 'p': 0.0, 'f': 0.0}, 'rouge-l': {'r': 0.6666666666666666, 'p': 0.5, 'f': 0.5714285665306124}}]
287:[{'rouge-1': {'r': 0.5, 'p': 0.2, 'f': 0.2857142816326531}, 'rouge-2': {'r': 0.0, 'p': 0.0, 'f': 0.0}, 'rouge-l': {'r': 0.5, 'p': 0.2, 'f': 0.2857142816326531}}]
288:[{'rouge-1': {'r': 0.0, 'p': 0.0, 'f': 0.0}, 'rouge-2': {'r': 0.0, 'p': 0.0, 'f': 0.0}, 'rouge-l': {'r': 0.0, 'p': 0.0, 'f': 0.0}}]
289:[{'rouge-1': {'r': 0.0, 'p': 0.0, 'f': 0.0}, 'rouge-2': {'r': 0.0, 'p': 0.0, 'f': 0.0}, 'rouge-l': {'r': 0.0, 'p': 0.0, 'f': 0.0}}]
290:[{'rouge-1': {'r': 0.0, 'p': 0.0, 'f': 0.0}, 'rouge-2': {'r': 0.0, 'p': 0.0, 'f': 0.0}, 'rouge-l': {'r': 0.0, 'p': 0.0, 'f': 0.0}}]
291:[{'rouge-1': {'r': 0.0, 'p': 0.0, 'f': 0.0}, 'rouge-2': {'r': 0.0, 'p': 0.0, 'f': 0.0}, 'rouge-l': {'r': 0.0, 'p': 0.0, 'f': 0.0}}]
292:[{'rouge-1': {'r': 0.0, 'p': 0.0, 'f': 0.0}, 'rouge-2': {'r': 0.0, 'p': 0.0, 'f': 0.0}, 'rouge-l': {'r': 0.0, 'p': 0.0, 'f': 0.0}}]
293:[{'rouge-1': {'r': 0.5, 'p': 0.5, 'f': 0.4999999950000001}, 'rouge-2': {'r': 0.0, 'p': 0.0, 'f': 0.0}, 'rouge-l': {'r': 0.5, 'p': 0.5, 'f': 0.4999999950000001}}]
294:[{'rouge-1': {'r': 0.0, 'p': 0.0, 'f': 0.0}, 'rouge-2': {'r': 0.0, 'p': 0.0, 'f': 0.0}, 'rouge-l': {'r': 0.0, 'p': 0.0, 'f': 0.0}}]
295:[{'rouge-1': {'r': 0.0, 'p': 0.0, 'f': 0.0}, 'rouge-2': {'r': 0.0, 'p': 0.0, 'f': 0.0}, 'rouge-l': {'r': 0.0, 'p': 0.0, 'f': 0.0}}]
296:[{'rouge-1': {'r': 0.0, 'p': 0.0, 'f': 0.0}, 'rouge-2': {'r': 0.0, 'p': 0.0, 'f': 0.0}, 'rouge-l': {'r': 0.0, 'p': 0.0, 'f': 0.0}}]
297:[{'rouge-1': {'r': 0.0, 'p': 0.0, 'f': 0.0}, 'rouge-2': {'r': 0.0, 'p': 0.0, 'f': 0.0}, 'rouge-l': {'r': 0.0, 'p': 0.0, 'f': 0.0}}]
298:[{'rouge-1': {'r': 0.0, 'p': 0.0, 'f': 0.0}, 'rouge-2': {'r': 0.0, 'p': 0.0, 'f': 0.0}, 'rouge-l': {'r': 0.0, 'p': 0.0, 'f': 0.0}}]
299:[{'rouge-1': {'r': 0.0, 'p': 0.0, 'f': 0.0}, 'rouge-2': {'r': 0.0, 'p': 0.0, 'f': 0.0}, 'rouge-l': {'r': 0.0, 'p': 0.0, 'f': 0.0}}]
300:[{'rouge-1': {'r': 0.0, 'p': 0.0, 'f': 0.0}, 'rouge-2': {'r': 0.0, 'p': 0.0, 'f': 0.0}, 'rouge-l': {'r': 0.0, 'p': 0.0, 'f': 0.0}}]
301:[{'rouge-1': {'r': 0.0, 'p': 0.0, 'f': 0.0}, 'rouge-2': {'r': 0.0, 'p': 0.0, 'f': 0.0}, 'rouge-l': {'r': 0.0, 'p': 0.0, 'f': 0.0}}]
302:[{'rouge-1': {'r': 0.0, 'p': 0.0, 'f': 0.0}, 'rouge-2': {'r': 0.0, 'p': 0.0, 'f': 0.0}, 'rouge-l': {'r': 0.0, 'p': 0.0, 'f': 0.0}}]
303:[{'rouge-1': {'r': 0.3333333333333333, 'p': 0.2, 'f': 0.24999999531250006}, 'rouge-2': {'r': 0.0, 'p': 0.0, 'f': 0.0}, 'rouge-l': {'r': 0.3333333333333333, 'p': 0.2, 'f': 0.24999999531250006}}]
304:[{'rouge-1': {'r': 0.3333333333333333, 'p': 0.2, 'f': 0.24999999531250006}, 'rouge-2': {'r': 0.0, 'p': 0.0, 'f': 0.0}, 'rouge-l': {'r': 0.3333333333333333, 'p': 0.2, 'f': 0.24999999531250006}}]
305:[{'rouge-1': {'r': 0.0, 'p': 0.0, 'f': 0.0}, 'rouge-2': {'r': 0.0, 'p': 0.0, 'f': 0.0}, 'rouge-l': {'r': 0.0, 'p': 0.0, 'f': 0.0}}]
306:[{'rouge-1': {'r': 0.0, 'p': 0.0, 'f': 0.0}, 'rouge-2': {'r': 0.0, 'p': 0.0, 'f': 0.0}, 'rouge-l': {'r': 0.0, 'p': 0.0, 'f': 0.0}}]
307:[{'rouge-1': {'r': 0.0, 'p': 0.0, 'f': 0.0}, 'rouge-2': {'r': 0.0, 'p': 0.0, 'f': 0.0}, 'rouge-l': {'r': 0.0, 'p': 0.0, 'f': 0.0}}]
308:[{'rouge-1': {'r': 0.0, 'p': 0.0, 'f': 0.0}, 'rouge-2': {'r': 0.0, 'p': 0.0, 'f': 0.0}, 'rouge-l': {'r': 0.0, 'p': 0.0, 'f': 0.0}}]
309:[{'rouge-1': {'r': 0.0, 'p': 0.0, 'f': 0.0}, 'rouge-2': {'r': 0.0, 'p': 0.0, 'f': 0.0}, 'rouge-l': {'r': 0.0, 'p': 0.0, 'f': 0.0}}]
310:[{'rouge-1': {'r': 0.0, 'p': 0.0, 'f': 0.0}, 'rouge-2': {'r': 0.0, 'p': 0.0, 'f': 0.0}, 'rouge-l': {'r': 0.0, 'p': 0.0, 'f': 0.0}}]
311:[{'rouge-1': {'r': 0.0, 'p': 0.0, 'f': 0.0}, 'rouge-2': {'r': 0.0, 'p': 0.0, 'f': 0.0}, 'rouge-l': {'r': 0.0, 'p': 0.0, 'f': 0.0}}]
312:[{'rouge-1': {'r': 0.0, 'p': 0.0, 'f': 0.0}, 'rouge-2': {'r': 0.0, 'p': 0.0, 'f': 0.0}, 'rouge-l': {'r': 0.0, 'p': 0.0, 'f': 0.0}}]
313:[{'rouge-1': {'r': 0.0, 'p': 0.0, 'f': 0.0}, 'rouge-2': {'r': 0.0, 'p': 0.0, 'f': 0.0}, 'rouge-l': {'r': 0.0, 'p': 0.0, 'f': 0.0}}]
314:[{'rouge-1': {'r': 1.0, 'p': 0.4, 'f': 0.5714285673469389}, 'rouge-2': {'r': 0.0, 'p': 0.0, 'f': 0.0}, 'rouge-l': {'r': 0.5, 'p': 0.2, 'f': 0.2857142816326531}}]
315:[{'rouge-1': {'r': 0.0, 'p': 0.0, 'f': 0.0}, 'rouge-2': {'r': 0.0, 'p': 0.0, 'f': 0.0}, 'rouge-l': {'r': 0.0, 'p': 0.0, 'f': 0.0}}]
316:[{'rouge-1': {'r': 0.0, 'p': 0.0, 'f': 0.0}, 'rouge-2': {'r': 0.0, 'p': 0.0, 'f': 0.0}, 'rouge-l': {'r': 0.0, 'p': 0.0, 'f': 0.0}}]
317:[{'rouge-1': {'r': 0.0, 'p': 0.0, 'f': 0.0}, 'rouge-2': {'r': 0.0, 'p': 0.0, 'f': 0.0}, 'rouge-l': {'r': 0.0, 'p': 0.0, 'f': 0.0}}]
318:[{'rouge-1': {'r': 0.0, 'p': 0.0, 'f': 0.0}, 'rouge-2': {'r': 0.0, 'p': 0.0, 'f': 0.0}, 'rouge-l': {'r': 0.0, 'p': 0.0, 'f': 0.0}}]
319:[{'rouge-1': {'r': 0.0, 'p': 0.0, 'f': 0.0}, 'rouge-2': {'r': 0.0, 'p': 0.0, 'f': 0.0}, 'rouge-l': {'r': 0.0, 'p': 0.0, 'f': 0.0}}]
320:[{'rouge-1': {'r': 0.0, 'p': 0.0, 'f': 0.0}, 'rouge-2': {'r': 0.0, 'p': 0.0, 'f': 0.0}, 'rouge-l': {'r': 0.0, 'p': 0.0, 'f': 0.0}}]
321:[{'rouge-1': {'r': 0.5, 'p': 0.16666666666666666, 'f': 0.24999999625000005}, 'rouge-2': {'r': 0.0, 'p': 0.0, 'f': 0.0}, 'rouge-l': {'r': 0.5, 'p': 0.16666666666666666, 'f': 0.24999999625000005}}]
322:[{'rouge-1': {'r': 0.0, 'p': 0.0, 'f': 0.0}, 'rouge-2': {'r': 0.0, 'p': 0.0, 'f': 0.0}, 'rouge-l': {'r': 0.0, 'p': 0.0, 'f': 0.0}}]
323:[{'rouge-1': {'r': 0.0, 'p': 0.0, 'f': 0.0}, 'rouge-2': {'r': 0.0, 'p': 0.0, 'f': 0.0}, 'rouge-l': {'r': 0.0, 'p': 0.0, 'f': 0.0}}]
324:[{'rouge-1': {'r': 0.0, 'p': 0.0, 'f': 0.0}, 'rouge-2': {'r': 0.0, 'p': 0.0, 'f': 0.0}, 'rouge-l': {'r': 0.0, 'p': 0.0, 'f': 0.0}}]
325:[{'rouge-1': {'r': 0.0, 'p': 0.0, 'f': 0.0}, 'rouge-2': {'r': 0.0, 'p': 0.0, 'f': 0.0}, 'rouge-l': {'r': 0.0, 'p': 0.0, 'f': 0.0}}]
326:[{'rouge-1': {'r': 0.0, 'p': 0.0, 'f': 0.0}, 'rouge-2': {'r': 0.0, 'p': 0.0, 'f': 0.0}, 'rouge-l': {'r': 0.0, 'p': 0.0, 'f': 0.0}}]
327:[{'rouge-1': {'r': 0.0, 'p': 0.0, 'f': 0.0}, 'rouge-2': {'r': 0.0, 'p': 0.0, 'f': 0.0}, 'rouge-l': {'r': 0.0, 'p': 0.0, 'f': 0.0}}]
328:[{'rouge-1': {'r': 0.0, 'p': 0.0, 'f': 0.0}, 'rouge-2': {'r': 0.0, 'p': 0.0, 'f': 0.0}, 'rouge-l': {'r': 0.0, 'p': 0.0, 'f': 0.0}}]
329:[{'rouge-1': {'r': 0.0, 'p': 0.0, 'f': 0.0}, 'rouge-2': {'r': 0.0, 'p': 0.0, 'f': 0.0}, 'rouge-l': {'r': 0.0, 'p': 0.0, 'f': 0.0}}]
330:[{'rouge-1': {'r': 0.0, 'p': 0.0, 'f': 0.0}, 'rouge-2': {'r': 0.0, 'p': 0.0, 'f': 0.0}, 'rouge-l': {'r': 0.0, 'p': 0.0, 'f': 0.0}}]
331:[{'rouge-1': {'r': 0.0, 'p': 0.0, 'f': 0.0}, 'rouge-2': {'r': 0.0, 'p': 0.0, 'f': 0.0}, 'rouge-l': {'r': 0.0, 'p': 0.0, 'f': 0.0}}]
332:[{'rouge-1': {'r': 0.0, 'p': 0.0, 'f': 0.0}, 'rouge-2': {'r': 0.0, 'p': 0.0, 'f': 0.0}, 'rouge-l': {'r': 0.0, 'p': 0.0, 'f': 0.0}}]
333:[{'rouge-1': {'r': 0.0, 'p': 0.0, 'f': 0.0}, 'rouge-2': {'r': 0.0, 'p': 0.0, 'f': 0.0}, 'rouge-l': {'r': 0.0, 'p': 0.0, 'f': 0.0}}]
334:[{'rouge-1': {'r': 0.0, 'p': 0.0, 'f': 0.0}, 'rouge-2': {'r': 0.0, 'p': 0.0, 'f': 0.0}, 'rouge-l': {'r': 0.0, 'p': 0.0, 'f': 0.0}}]
335:[{'rouge-1': {'r': 0.0, 'p': 0.0, 'f': 0.0}, 'rouge-2': {'r': 0.0, 'p': 0.0, 'f': 0.0}, 'rouge-l': {'r': 0.0, 'p': 0.0, 'f': 0.0}}]
336:[{'rouge-1': {'r': 0.0, 'p': 0.0, 'f': 0.0}, 'rouge-2': {'r': 0.0, 'p': 0.0, 'f': 0.0}, 'rouge-l': {'r': 0.0, 'p': 0.0, 'f': 0.0}}]
337:[{'rouge-1': {'r': 0.0, 'p': 0.0, 'f': 0.0}, 'rouge-2': {'r': 0.0, 'p': 0.0, 'f': 0.0}, 'rouge-l': {'r': 0.0, 'p': 0.0, 'f': 0.0}}]
338:[{'rouge-1': {'r': 0.0, 'p': 0.0, 'f': 0.0}, 'rouge-2': {'r': 0.0, 'p': 0.0, 'f': 0.0}, 'rouge-l': {'r': 0.0, 'p': 0.0, 'f': 0.0}}]
339:[{'rouge-1': {'r': 0.0, 'p': 0.0, 'f': 0.0}, 'rouge-2': {'r': 0.0, 'p': 0.0, 'f': 0.0}, 'rouge-l': {'r': 0.0, 'p': 0.0, 'f': 0.0}}]
340:[{'rouge-1': {'r': 0.0, 'p': 0.0, 'f': 0.0}, 'rouge-2': {'r': 0.0, 'p': 0.0, 'f': 0.0}, 'rouge-l': {'r': 0.0, 'p': 0.0, 'f': 0.0}}]
341:[{'rouge-1': {'r': 0.0, 'p': 0.0, 'f': 0.0}, 'rouge-2': {'r': 0.0, 'p': 0.0, 'f': 0.0}, 'rouge-l': {'r': 0.0, 'p': 0.0, 'f': 0.0}}]
342:[{'rouge-1': {'r': 0.0, 'p': 0.0, 'f': 0.0}, 'rouge-2': {'r': 0.0, 'p': 0.0, 'f': 0.0}, 'rouge-l': {'r': 0.0, 'p': 0.0, 'f': 0.0}}]
343:[{'rouge-1': {'r': 0.0, 'p': 0.0, 'f': 0.0}, 'rouge-2': {'r': 0.0, 'p': 0.0, 'f': 0.0}, 'rouge-l': {'r': 0.0, 'p': 0.0, 'f': 0.0}}]
344:[{'rouge-1': {'r': 0.0, 'p': 0.0, 'f': 0.0}, 'rouge-2': {'r': 0.0, 'p': 0.0, 'f': 0.0}, 'rouge-l': {'r': 0.0, 'p': 0.0, 'f': 0.0}}]
345:[{'rouge-1': {'r': 0.0, 'p': 0.0, 'f': 0.0}, 'rouge-2': {'r': 0.0, 'p': 0.0, 'f': 0.0}, 'rouge-l': {'r': 0.0, 'p': 0.0, 'f': 0.0}}]
346:[{'rouge-1': {'r': 0.0, 'p': 0.0, 'f': 0.0}, 'rouge-2': {'r': 0.0, 'p': 0.0, 'f': 0.0}, 'rouge-l': {'r': 0.0, 'p': 0.0, 'f': 0.0}}]
347:[{'rouge-1': {'r': 0.0, 'p': 0.0, 'f': 0.0}, 'rouge-2': {'r': 0.0, 'p': 0.0, 'f': 0.0}, 'rouge-l': {'r': 0.0, 'p': 0.0, 'f': 0.0}}]
348:[{'rouge-1': {'r': 0.5, 'p': 0.5, 'f': 0.4999999950000001}, 'rouge-2': {'r': 0.0, 'p': 0.0, 'f': 0.0}, 'rouge-l': {'r': 0.5, 'p': 0.5, 'f': 0.4999999950000001}}]
349:[{'rouge-1': {'r': 0.0, 'p': 0.0, 'f': 0.0}, 'rouge-2': {'r': 0.0, 'p': 0.0, 'f': 0.0}, 'rouge-l': {'r': 0.0, 'p': 0.0, 'f': 0.0}}]
350:[{'rouge-1': {'r': 0.0, 'p': 0.0, 'f': 0.0}, 'rouge-2': {'r': 0.0, 'p': 0.0, 'f': 0.0}, 'rouge-l': {'r': 0.0, 'p': 0.0, 'f': 0.0}}]
351:[{'rouge-1': {'r': 0.3333333333333333, 'p': 1.0, 'f': 0.4999999962500001}, 'rouge-2': {'r': 0.0, 'p': 0.0, 'f': 0.0}, 'rouge-l': {'r': 0.3333333333333333, 'p': 1.0, 'f': 0.4999999962500001}}]
352:[{'rouge-1': {'r': 0.0, 'p': 0.0, 'f': 0.0}, 'rouge-2': {'r': 0.0, 'p': 0.0, 'f': 0.0}, 'rouge-l': {'r': 0.0, 'p': 0.0, 'f': 0.0}}]
353:[{'rouge-1': {'r': 0.0, 'p': 0.0, 'f': 0.0}, 'rouge-2': {'r': 0.0, 'p': 0.0, 'f': 0.0}, 'rouge-l': {'r': 0.0, 'p': 0.0, 'f': 0.0}}]
354:[{'rouge-1': {'r': 0.0, 'p': 0.0, 'f': 0.0}, 'rouge-2': {'r': 0.0, 'p': 0.0, 'f': 0.0}, 'rouge-l': {'r': 0.0, 'p': 0.0, 'f': 0.0}}]
355:[{'rouge-1': {'r': 1.0, 'p': 1.0, 'f': 0.999999995}, 'rouge-2': {'r': 0.0, 'p': 0.0, 'f': 0.0}, 'rouge-l': {'r': 1.0, 'p': 1.0, 'f': 0.999999995}}]
356:[{'rouge-1': {'r': 0.0, 'p': 0.0, 'f': 0.0}, 'rouge-2': {'r': 0.0, 'p': 0.0, 'f': 0.0}, 'rouge-l': {'r': 0.0, 'p': 0.0, 'f': 0.0}}]
357:[{'rouge-1': {'r': 0.5, 'p': 0.5, 'f': 0.4999999950000001}, 'rouge-2': {'r': 0.0, 'p': 0.0, 'f': 0.0}, 'rouge-l': {'r': 0.5, 'p': 0.5, 'f': 0.4999999950000001}}]
358:[{'rouge-1': {'r': 0.0, 'p': 0.0, 'f': 0.0}, 'rouge-2': {'r': 0.0, 'p': 0.0, 'f': 0.0}, 'rouge-l': {'r': 0.0, 'p': 0.0, 'f': 0.0}}]
359:[{'rouge-1': {'r': 0.0, 'p': 0.0, 'f': 0.0}, 'rouge-2': {'r': 0.0, 'p': 0.0, 'f': 0.0}, 'rouge-l': {'r': 0.0, 'p': 0.0, 'f': 0.0}}]
360:[{'rouge-1': {'r': 0.0, 'p': 0.0, 'f': 0.0}, 'rouge-2': {'r': 0.0, 'p': 0.0, 'f': 0.0}, 'rouge-l': {'r': 0.0, 'p': 0.0, 'f': 0.0}}]
361:[{'rouge-1': {'r': 0.0, 'p': 0.0, 'f': 0.0}, 'rouge-2': {'r': 0.0, 'p': 0.0, 'f': 0.0}, 'rouge-l': {'r': 0.0, 'p': 0.0, 'f': 0.0}}]
362:[{'rouge-1': {'r': 0.0, 'p': 0.0, 'f': 0.0}, 'rouge-2': {'r': 0.0, 'p': 0.0, 'f': 0.0}, 'rouge-l': {'r': 0.0, 'p': 0.0, 'f': 0.0}}]
363:[{'rouge-1': {'r': 1.0, 'p': 0.5, 'f': 0.6666666622222223}, 'rouge-2': {'r': 0.0, 'p': 0.0, 'f': 0.0}, 'rouge-l': {'r': 1.0, 'p': 0.5, 'f': 0.6666666622222223}}]
364:[{'rouge-1': {'r': 0.0, 'p': 0.0, 'f': 0.0}, 'rouge-2': {'r': 0.0, 'p': 0.0, 'f': 0.0}, 'rouge-l': {'r': 0.0, 'p': 0.0, 'f': 0.0}}]
365:[{'rouge-1': {'r': 0.0, 'p': 0.0, 'f': 0.0}, 'rouge-2': {'r': 0.0, 'p': 0.0, 'f': 0.0}, 'rouge-l': {'r': 0.0, 'p': 0.0, 'f': 0.0}}]
366:[{'rouge-1': {'r': 0.0, 'p': 0.0, 'f': 0.0}, 'rouge-2': {'r': 0.0, 'p': 0.0, 'f': 0.0}, 'rouge-l': {'r': 0.0, 'p': 0.0, 'f': 0.0}}]
367:[{'rouge-1': {'r': 0.5, 'p': 0.5, 'f': 0.4999999950000001}, 'rouge-2': {'r': 0.0, 'p': 0.0, 'f': 0.0}, 'rouge-l': {'r': 0.5, 'p': 0.5, 'f': 0.4999999950000001}}]
368:[{'rouge-1': {'r': 0.0, 'p': 0.0, 'f': 0.0}, 'rouge-2': {'r': 0.0, 'p': 0.0, 'f': 0.0}, 'rouge-l': {'r': 0.0, 'p': 0.0, 'f': 0.0}}]
369:[{'rouge-1': {'r': 0.0, 'p': 0.0, 'f': 0.0}, 'rouge-2': {'r': 0.0, 'p': 0.0, 'f': 0.0}, 'rouge-l': {'r': 0.0, 'p': 0.0, 'f': 0.0}}]
370:[{'rouge-1': {'r': 0.0, 'p': 0.0, 'f': 0.0}, 'rouge-2': {'r': 0.0, 'p': 0.0, 'f': 0.0}, 'rouge-l': {'r': 0.0, 'p': 0.0, 'f': 0.0}}]
371:[{'rouge-1': {'r': 0.0, 'p': 0.0, 'f': 0.0}, 'rouge-2': {'r': 0.0, 'p': 0.0, 'f': 0.0}, 'rouge-l': {'r': 0.0, 'p': 0.0, 'f': 0.0}}]
372:[{'rouge-1': {'r': 0.0, 'p': 0.0, 'f': 0.0}, 'rouge-2': {'r': 0.0, 'p': 0.0, 'f': 0.0}, 'rouge-l': {'r': 0.0, 'p': 0.0, 'f': 0.0}}]
373:[{'rouge-1': {'r': 0.0, 'p': 0.0, 'f': 0.0}, 'rouge-2': {'r': 0.0, 'p': 0.0, 'f': 0.0}, 'rouge-l': {'r': 0.0, 'p': 0.0, 'f': 0.0}}]
374:[{'rouge-1': {'r': 0.0, 'p': 0.0, 'f': 0.0}, 'rouge-2': {'r': 0.0, 'p': 0.0, 'f': 0.0}, 'rouge-l': {'r': 0.0, 'p': 0.0, 'f': 0.0}}]
375:[{'rouge-1': {'r': 0.0, 'p': 0.0, 'f': 0.0}, 'rouge-2': {'r': 0.0, 'p': 0.0, 'f': 0.0}, 'rouge-l': {'r': 0.0, 'p': 0.0, 'f': 0.0}}]
376:[{'rouge-1': {'r': 0.5, 'p': 0.5, 'f': 0.4999999950000001}, 'rouge-2': {'r': 0.0, 'p': 0.0, 'f': 0.0}, 'rouge-l': {'r': 0.5, 'p': 0.5, 'f': 0.4999999950000001}}]
377:[{'rouge-1': {'r': 0.0, 'p': 0.0, 'f': 0.0}, 'rouge-2': {'r': 0.0, 'p': 0.0, 'f': 0.0}, 'rouge-l': {'r': 0.0, 'p': 0.0, 'f': 0.0}}]
378:[{'rouge-1': {'r': 0.5, 'p': 0.25, 'f': 0.33333332888888895}, 'rouge-2': {'r': 0.0, 'p': 0.0, 'f': 0.0}, 'rouge-l': {'r': 0.5, 'p': 0.25, 'f': 0.33333332888888895}}]
379:[{'rouge-1': {'r': 0.5, 'p': 0.5, 'f': 0.4999999950000001}, 'rouge-2': {'r': 0.0, 'p': 0.0, 'f': 0.0}, 'rouge-l': {'r': 0.5, 'p': 0.5, 'f': 0.4999999950000001}}]
380:[{'rouge-1': {'r': 0.0, 'p': 0.0, 'f': 0.0}, 'rouge-2': {'r': 0.0, 'p': 0.0, 'f': 0.0}, 'rouge-l': {'r': 0.0, 'p': 0.0, 'f': 0.0}}]
381:[{'rouge-1': {'r': 0.0, 'p': 0.0, 'f': 0.0}, 'rouge-2': {'r': 0.0, 'p': 0.0, 'f': 0.0}, 'rouge-l': {'r': 0.0, 'p': 0.0, 'f': 0.0}}]
382:[{'rouge-1': {'r': 0.0, 'p': 0.0, 'f': 0.0}, 'rouge-2': {'r': 0.0, 'p': 0.0, 'f': 0.0}, 'rouge-l': {'r': 0.0, 'p': 0.0, 'f': 0.0}}]
383:[{'rouge-1': {'r': 0.0, 'p': 0.0, 'f': 0.0}, 'rouge-2': {'r': 0.0, 'p': 0.0, 'f': 0.0}, 'rouge-l': {'r': 0.0, 'p': 0.0, 'f': 0.0}}]
384:[{'rouge-1': {'r': 0.0, 'p': 0.0, 'f': 0.0}, 'rouge-2': {'r': 0.0, 'p': 0.0, 'f': 0.0}, 'rouge-l': {'r': 0.0, 'p': 0.0, 'f': 0.0}}]
385:[{'rouge-1': {'r': 0.5, 'p': 0.25, 'f': 0.33333332888888895}, 'rouge-2': {'r': 0.0, 'p': 0.0, 'f': 0.0}, 'rouge-l': {'r': 0.5, 'p': 0.25, 'f': 0.33333332888888895}}]
386:[{'rouge-1': {'r': 0.5, 'p': 0.3333333333333333, 'f': 0.39999999520000007}, 'rouge-2': {'r': 0.0, 'p': 0.0, 'f': 0.0}, 'rouge-l': {'r': 0.5, 'p': 0.3333333333333333, 'f': 0.39999999520000007}}]
387:[{'rouge-1': {'r': 0.0, 'p': 0.0, 'f': 0.0}, 'rouge-2': {'r': 0.0, 'p': 0.0, 'f': 0.0}, 'rouge-l': {'r': 0.0, 'p': 0.0, 'f': 0.0}}]
388:[{'rouge-1': {'r': 0.0, 'p': 0.0, 'f': 0.0}, 'rouge-2': {'r': 0.0, 'p': 0.0, 'f': 0.0}, 'rouge-l': {'r': 0.0, 'p': 0.0, 'f': 0.0}}]
389:[{'rouge-1': {'r': 0.5, 'p': 0.3333333333333333, 'f': 0.39999999520000007}, 'rouge-2': {'r': 0.0, 'p': 0.0, 'f': 0.0}, 'rouge-l': {'r': 0.5, 'p': 0.3333333333333333, 'f': 0.39999999520000007}}]
390:[{'rouge-1': {'r': 0.5, 'p': 0.5, 'f': 0.4999999950000001}, 'rouge-2': {'r': 0.0, 'p': 0.0, 'f': 0.0}, 'rouge-l': {'r': 0.5, 'p': 0.5, 'f': 0.4999999950000001}}]
391:[{'rouge-1': {'r': 0.0, 'p': 0.0, 'f': 0.0}, 'rouge-2': {'r': 0.0, 'p': 0.0, 'f': 0.0}, 'rouge-l': {'r': 0.0, 'p': 0.0, 'f': 0.0}}]
392:[{'rouge-1': {'r': 0.0, 'p': 0.0, 'f': 0.0}, 'rouge-2': {'r': 0.0, 'p': 0.0, 'f': 0.0}, 'rouge-l': {'r': 0.0, 'p': 0.0, 'f': 0.0}}]
393:[{'rouge-1': {'r': 0.5, 'p': 0.16666666666666666, 'f': 0.24999999625000005}, 'rouge-2': {'r': 0.0, 'p': 0.0, 'f': 0.0}, 'rouge-l': {'r': 0.5, 'p': 0.16666666666666666, 'f': 0.24999999625000005}}]
394:[{'rouge-1': {'r': 0.0, 'p': 0.0, 'f': 0.0}, 'rouge-2': {'r': 0.0, 'p': 0.0, 'f': 0.0}, 'rouge-l': {'r': 0.0, 'p': 0.0, 'f': 0.0}}]
395:[{'rouge-1': {'r': 0.0, 'p': 0.0, 'f': 0.0}, 'rouge-2': {'r': 0.0, 'p': 0.0, 'f': 0.0}, 'rouge-l': {'r': 0.0, 'p': 0.0, 'f': 0.0}}]
396:[{'rouge-1': {'r': 0.0, 'p': 0.0, 'f': 0.0}, 'rouge-2': {'r': 0.0, 'p': 0.0, 'f': 0.0}, 'rouge-l': {'r': 0.0, 'p': 0.0, 'f': 0.0}}]
397:[{'rouge-1': {'r': 0.0, 'p': 0.0, 'f': 0.0}, 'rouge-2': {'r': 0.0, 'p': 0.0, 'f': 0.0}, 'rouge-l': {'r': 0.0, 'p': 0.0, 'f': 0.0}}]
398:[{'rouge-1': {'r': 0.5, 'p': 0.3333333333333333, 'f': 0.39999999520000007}, 'rouge-2': {'r': 0.0, 'p': 0.0, 'f': 0.0}, 'rouge-l': {'r': 0.5, 'p': 0.3333333333333333, 'f': 0.39999999520000007}}]
399:[{'rouge-1': {'r': 1.0, 'p': 0.5, 'f': 0.6666666622222223}, 'rouge-2': {'r': 0.0, 'p': 0.0, 'f': 0.0}, 'rouge-l': {'r': 1.0, 'p': 0.5, 'f': 0.6666666622222223}}]
400:[{'rouge-1': {'r': 0.0, 'p': 0.0, 'f': 0.0}, 'rouge-2': {'r': 0.0, 'p': 0.0, 'f': 0.0}, 'rouge-l': {'r': 0.0, 'p': 0.0, 'f': 0.0}}]
401:[{'rouge-1': {'r': 0.0, 'p': 0.0, 'f': 0.0}, 'rouge-2': {'r': 0.0, 'p': 0.0, 'f': 0.0}, 'rouge-l': {'r': 0.0, 'p': 0.0, 'f': 0.0}}]
402:[{'rouge-1': {'r': 0.0, 'p': 0.0, 'f': 0.0}, 'rouge-2': {'r': 0.0, 'p': 0.0, 'f': 0.0}, 'rouge-l': {'r': 0.0, 'p': 0.0, 'f': 0.0}}]
403:[{'rouge-1': {'r': 0.0, 'p': 0.0, 'f': 0.0}, 'rouge-2': {'r': 0.0, 'p': 0.0, 'f': 0.0}, 'rouge-l': {'r': 0.0, 'p': 0.0, 'f': 0.0}}]
404:[{'rouge-1': {'r': 0.0, 'p': 0.0, 'f': 0.0}, 'rouge-2': {'r': 0.0, 'p': 0.0, 'f': 0.0}, 'rouge-l': {'r': 0.0, 'p': 0.0, 'f': 0.0}}]
405:[{'rouge-1': {'r': 0.0, 'p': 0.0, 'f': 0.0}, 'rouge-2': {'r': 0.0, 'p': 0.0, 'f': 0.0}, 'rouge-l': {'r': 0.0, 'p': 0.0, 'f': 0.0}}]
406:[{'rouge-1': {'r': 0.0, 'p': 0.0, 'f': 0.0}, 'rouge-2': {'r': 0.0, 'p': 0.0, 'f': 0.0}, 'rouge-l': {'r': 0.0, 'p': 0.0, 'f': 0.0}}]
407:[{'rouge-1': {'r': 0.0, 'p': 0.0, 'f': 0.0}, 'rouge-2': {'r': 0.0, 'p': 0.0, 'f': 0.0}, 'rouge-l': {'r': 0.0, 'p': 0.0, 'f': 0.0}}]
408:[{'rouge-1': {'r': 0.0, 'p': 0.0, 'f': 0.0}, 'rouge-2': {'r': 0.0, 'p': 0.0, 'f': 0.0}, 'rouge-l': {'r': 0.0, 'p': 0.0, 'f': 0.0}}]
409:[{'rouge-1': {'r': 0.0, 'p': 0.0, 'f': 0.0}, 'rouge-2': {'r': 0.0, 'p': 0.0, 'f': 0.0}, 'rouge-l': {'r': 0.0, 'p': 0.0, 'f': 0.0}}]
410:[{'rouge-1': {'r': 0.5, 'p': 0.3333333333333333, 'f': 0.39999999520000007}, 'rouge-2': {'r': 0.0, 'p': 0.0, 'f': 0.0}, 'rouge-l': {'r': 0.5, 'p': 0.3333333333333333, 'f': 0.39999999520000007}}]
411:[{'rouge-1': {'r': 0.0, 'p': 0.0, 'f': 0.0}, 'rouge-2': {'r': 0.0, 'p': 0.0, 'f': 0.0}, 'rouge-l': {'r': 0.0, 'p': 0.0, 'f': 0.0}}]
412:[{'rouge-1': {'r': 0.0, 'p': 0.0, 'f': 0.0}, 'rouge-2': {'r': 0.0, 'p': 0.0, 'f': 0.0}, 'rouge-l': {'r': 0.0, 'p': 0.0, 'f': 0.0}}]
413:[{'rouge-1': {'r': 0.5, 'p': 0.5, 'f': 0.4999999950000001}, 'rouge-2': {'r': 0.0, 'p': 0.0, 'f': 0.0}, 'rouge-l': {'r': 0.5, 'p': 0.5, 'f': 0.4999999950000001}}]
414:[{'rouge-1': {'r': 1.0, 'p': 0.25, 'f': 0.39999999680000003}, 'rouge-2': {'r': 0.0, 'p': 0.0, 'f': 0.0}, 'rouge-l': {'r': 1.0, 'p': 0.25, 'f': 0.39999999680000003}}]
415:[{'rouge-1': {'r': 0.5, 'p': 0.5, 'f': 0.4999999950000001}, 'rouge-2': {'r': 0.0, 'p': 0.0, 'f': 0.0}, 'rouge-l': {'r': 0.5, 'p': 0.5, 'f': 0.4999999950000001}}]
416:[{'rouge-1': {'r': 0.0, 'p': 0.0, 'f': 0.0}, 'rouge-2': {'r': 0.0, 'p': 0.0, 'f': 0.0}, 'rouge-l': {'r': 0.0, 'p': 0.0, 'f': 0.0}}]
417:[{'rouge-1': {'r': 0.0, 'p': 0.0, 'f': 0.0}, 'rouge-2': {'r': 0.0, 'p': 0.0, 'f': 0.0}, 'rouge-l': {'r': 0.0, 'p': 0.0, 'f': 0.0}}]
418:[{'rouge-1': {'r': 0.0, 'p': 0.0, 'f': 0.0}, 'rouge-2': {'r': 0.0, 'p': 0.0, 'f': 0.0}, 'rouge-l': {'r': 0.0, 'p': 0.0, 'f': 0.0}}]
419:[{'rouge-1': {'r': 0.0, 'p': 0.0, 'f': 0.0}, 'rouge-2': {'r': 0.0, 'p': 0.0, 'f': 0.0}, 'rouge-l': {'r': 0.0, 'p': 0.0, 'f': 0.0}}]
420:[{'rouge-1': {'r': 0.0, 'p': 0.0, 'f': 0.0}, 'rouge-2': {'r': 0.0, 'p': 0.0, 'f': 0.0}, 'rouge-l': {'r': 0.0, 'p': 0.0, 'f': 0.0}}]
421:[{'rouge-1': {'r': 0.5, 'p': 0.2, 'f': 0.2857142816326531}, 'rouge-2': {'r': 0.0, 'p': 0.0, 'f': 0.0}, 'rouge-l': {'r': 0.5, 'p': 0.2, 'f': 0.2857142816326531}}]
422:[{'rouge-1': {'r': 0.0, 'p': 0.0, 'f': 0.0}, 'rouge-2': {'r': 0.0, 'p': 0.0, 'f': 0.0}, 'rouge-l': {'r': 0.0, 'p': 0.0, 'f': 0.0}}]
423:[{'rouge-1': {'r': 0.0, 'p': 0.0, 'f': 0.0}, 'rouge-2': {'r': 0.0, 'p': 0.0, 'f': 0.0}, 'rouge-l': {'r': 0.0, 'p': 0.0, 'f': 0.0}}]
424:[{'rouge-1': {'r': 0.0, 'p': 0.0, 'f': 0.0}, 'rouge-2': {'r': 0.0, 'p': 0.0, 'f': 0.0}, 'rouge-l': {'r': 0.0, 'p': 0.0, 'f': 0.0}}]
425:[{'rouge-1': {'r': 0.5, 'p': 0.5, 'f': 0.4999999950000001}, 'rouge-2': {'r': 0.0, 'p': 0.0, 'f': 0.0}, 'rouge-l': {'r': 0.5, 'p': 0.5, 'f': 0.4999999950000001}}]
426:[{'rouge-1': {'r': 0.0, 'p': 0.0, 'f': 0.0}, 'rouge-2': {'r': 0.0, 'p': 0.0, 'f': 0.0}, 'rouge-l': {'r': 0.0, 'p': 0.0, 'f': 0.0}}]
427:[{'rouge-1': {'r': 0.0, 'p': 0.0, 'f': 0.0}, 'rouge-2': {'r': 0.0, 'p': 0.0, 'f': 0.0}, 'rouge-l': {'r': 0.0, 'p': 0.0, 'f': 0.0}}]
428:[{'rouge-1': {'r': 0.5, 'p': 0.5, 'f': 0.4999999950000001}, 'rouge-2': {'r': 0.0, 'p': 0.0, 'f': 0.0}, 'rouge-l': {'r': 0.5, 'p': 0.5, 'f': 0.4999999950000001}}]
429:[{'rouge-1': {'r': 0.0, 'p': 0.0, 'f': 0.0}, 'rouge-2': {'r': 0.0, 'p': 0.0, 'f': 0.0}, 'rouge-l': {'r': 0.0, 'p': 0.0, 'f': 0.0}}]
430:[{'rouge-1': {'r': 0.0, 'p': 0.0, 'f': 0.0}, 'rouge-2': {'r': 0.0, 'p': 0.0, 'f': 0.0}, 'rouge-l': {'r': 0.0, 'p': 0.0, 'f': 0.0}}]
431:[{'rouge-1': {'r': 0.0, 'p': 0.0, 'f': 0.0}, 'rouge-2': {'r': 0.0, 'p': 0.0, 'f': 0.0}, 'rouge-l': {'r': 0.0, 'p': 0.0, 'f': 0.0}}]
432:[{'rouge-1': {'r': 0.0, 'p': 0.0, 'f': 0.0}, 'rouge-2': {'r': 0.0, 'p': 0.0, 'f': 0.0}, 'rouge-l': {'r': 0.0, 'p': 0.0, 'f': 0.0}}]
433:[{'rouge-1': {'r': 0.5, 'p': 0.3333333333333333, 'f': 0.39999999520000007}, 'rouge-2': {'r': 0.0, 'p': 0.0, 'f': 0.0}, 'rouge-l': {'r': 0.5, 'p': 0.3333333333333333, 'f': 0.39999999520000007}}]
434:[{'rouge-1': {'r': 0.0, 'p': 0.0, 'f': 0.0}, 'rouge-2': {'r': 0.0, 'p': 0.0, 'f': 0.0}, 'rouge-l': {'r': 0.0, 'p': 0.0, 'f': 0.0}}]
435:[{'rouge-1': {'r': 0.5, 'p': 0.5, 'f': 0.4999999950000001}, 'rouge-2': {'r': 0.0, 'p': 0.0, 'f': 0.0}, 'rouge-l': {'r': 0.5, 'p': 0.5, 'f': 0.4999999950000001}}]
436:[{'rouge-1': {'r': 0.5, 'p': 0.125, 'f': 0.19999999680000002}, 'rouge-2': {'r': 0.0, 'p': 0.0, 'f': 0.0}, 'rouge-l': {'r': 0.5, 'p': 0.125, 'f': 0.19999999680000002}}]
437:[{'rouge-1': {'r': 0.0, 'p': 0.0, 'f': 0.0}, 'rouge-2': {'r': 0.0, 'p': 0.0, 'f': 0.0}, 'rouge-l': {'r': 0.0, 'p': 0.0, 'f': 0.0}}]
438:[{'rouge-1': {'r': 1.0, 'p': 0.6666666666666666, 'f': 0.7999999952000001}, 'rouge-2': {'r': 0.0, 'p': 0.0, 'f': 0.0}, 'rouge-l': {'r': 0.5, 'p': 0.3333333333333333, 'f': 0.39999999520000007}}]
439:[{'rouge-1': {'r': 0.0, 'p': 0.0, 'f': 0.0}, 'rouge-2': {'r': 0.0, 'p': 0.0, 'f': 0.0}, 'rouge-l': {'r': 0.0, 'p': 0.0, 'f': 0.0}}]
440:[{'rouge-1': {'r': 0.0, 'p': 0.0, 'f': 0.0}, 'rouge-2': {'r': 0.0, 'p': 0.0, 'f': 0.0}, 'rouge-l': {'r': 0.0, 'p': 0.0, 'f': 0.0}}]
441:[{'rouge-1': {'r': 0.0, 'p': 0.0, 'f': 0.0}, 'rouge-2': {'r': 0.0, 'p': 0.0, 'f': 0.0}, 'rouge-l': {'r': 0.0, 'p': 0.0, 'f': 0.0}}]
442:[{'rouge-1': {'r': 0.0, 'p': 0.0, 'f': 0.0}, 'rouge-2': {'r': 0.0, 'p': 0.0, 'f': 0.0}, 'rouge-l': {'r': 0.0, 'p': 0.0, 'f': 0.0}}]
443:[{'rouge-1': {'r': 0.0, 'p': 0.0, 'f': 0.0}, 'rouge-2': {'r': 0.0, 'p': 0.0, 'f': 0.0}, 'rouge-l': {'r': 0.0, 'p': 0.0, 'f': 0.0}}]
444:[{'rouge-1': {'r': 0.0, 'p': 0.0, 'f': 0.0}, 'rouge-2': {'r': 0.0, 'p': 0.0, 'f': 0.0}, 'rouge-l': {'r': 0.0, 'p': 0.0, 'f': 0.0}}]
445:[{'rouge-1': {'r': 0.0, 'p': 0.0, 'f': 0.0}, 'rouge-2': {'r': 0.0, 'p': 0.0, 'f': 0.0}, 'rouge-l': {'r': 0.0, 'p': 0.0, 'f': 0.0}}]
446:[{'rouge-1': {'r': 0.0, 'p': 0.0, 'f': 0.0}, 'rouge-2': {'r': 0.0, 'p': 0.0, 'f': 0.0}, 'rouge-l': {'r': 0.0, 'p': 0.0, 'f': 0.0}}]
447:[{'rouge-1': {'r': 1.0, 'p': 0.3333333333333333, 'f': 0.4999999962500001}, 'rouge-2': {'r': 0.0, 'p': 0.0, 'f': 0.0}, 'rouge-l': {'r': 1.0, 'p': 0.3333333333333333, 'f': 0.4999999962500001}}]
448:[{'rouge-1': {'r': 0.0, 'p': 0.0, 'f': 0.0}, 'rouge-2': {'r': 0.0, 'p': 0.0, 'f': 0.0}, 'rouge-l': {'r': 0.0, 'p': 0.0, 'f': 0.0}}]
449:[{'rouge-1': {'r': 0.0, 'p': 0.0, 'f': 0.0}, 'rouge-2': {'r': 0.0, 'p': 0.0, 'f': 0.0}, 'rouge-l': {'r': 0.0, 'p': 0.0, 'f': 0.0}}]
450:[{'rouge-1': {'r': 0.0, 'p': 0.0, 'f': 0.0}, 'rouge-2': {'r': 0.0, 'p': 0.0, 'f': 0.0}, 'rouge-l': {'r': 0.0, 'p': 0.0, 'f': 0.0}}]
451:[{'rouge-1': {'r': 0.0, 'p': 0.0, 'f': 0.0}, 'rouge-2': {'r': 0.0, 'p': 0.0, 'f': 0.0}, 'rouge-l': {'r': 0.0, 'p': 0.0, 'f': 0.0}}]
452:[{'rouge-1': {'r': 0.0, 'p': 0.0, 'f': 0.0}, 'rouge-2': {'r': 0.0, 'p': 0.0, 'f': 0.0}, 'rouge-l': {'r': 0.0, 'p': 0.0, 'f': 0.0}}]
453:[{'rouge-1': {'r': 0.0, 'p': 0.0, 'f': 0.0}, 'rouge-2': {'r': 0.0, 'p': 0.0, 'f': 0.0}, 'rouge-l': {'r': 0.0, 'p': 0.0, 'f': 0.0}}]
454:[{'rouge-1': {'r': 0.0, 'p': 0.0, 'f': 0.0}, 'rouge-2': {'r': 0.0, 'p': 0.0, 'f': 0.0}, 'rouge-l': {'r': 0.0, 'p': 0.0, 'f': 0.0}}]
455:[{'rouge-1': {'r': 0.5, 'p': 0.5, 'f': 0.4999999950000001}, 'rouge-2': {'r': 0.0, 'p': 0.0, 'f': 0.0}, 'rouge-l': {'r': 0.5, 'p': 0.5, 'f': 0.4999999950000001}}]
456:[{'rouge-1': {'r': 0.0, 'p': 0.0, 'f': 0.0}, 'rouge-2': {'r': 0.0, 'p': 0.0, 'f': 0.0}, 'rouge-l': {'r': 0.0, 'p': 0.0, 'f': 0.0}}]
457:[{'rouge-1': {'r': 0.0, 'p': 0.0, 'f': 0.0}, 'rouge-2': {'r': 0.0, 'p': 0.0, 'f': 0.0}, 'rouge-l': {'r': 0.0, 'p': 0.0, 'f': 0.0}}]
458:[{'rouge-1': {'r': 0.0, 'p': 0.0, 'f': 0.0}, 'rouge-2': {'r': 0.0, 'p': 0.0, 'f': 0.0}, 'rouge-l': {'r': 0.0, 'p': 0.0, 'f': 0.0}}]
459:[{'rouge-1': {'r': 0.0, 'p': 0.0, 'f': 0.0}, 'rouge-2': {'r': 0.0, 'p': 0.0, 'f': 0.0}, 'rouge-l': {'r': 0.0, 'p': 0.0, 'f': 0.0}}]
460:[{'rouge-1': {'r': 0.0, 'p': 0.0, 'f': 0.0}, 'rouge-2': {'r': 0.0, 'p': 0.0, 'f': 0.0}, 'rouge-l': {'r': 0.0, 'p': 0.0, 'f': 0.0}}]
461:[{'rouge-1': {'r': 0.0, 'p': 0.0, 'f': 0.0}, 'rouge-2': {'r': 0.0, 'p': 0.0, 'f': 0.0}, 'rouge-l': {'r': 0.0, 'p': 0.0, 'f': 0.0}}]
462:[{'rouge-1': {'r': 0.0, 'p': 0.0, 'f': 0.0}, 'rouge-2': {'r': 0.0, 'p': 0.0, 'f': 0.0}, 'rouge-l': {'r': 0.0, 'p': 0.0, 'f': 0.0}}]
463:[{'rouge-1': {'r': 1.0, 'p': 0.25, 'f': 0.39999999680000003}, 'rouge-2': {'r': 0.0, 'p': 0.0, 'f': 0.0}, 'rouge-l': {'r': 1.0, 'p': 0.25, 'f': 0.39999999680000003}}]
464:[{'rouge-1': {'r': 0.0, 'p': 0.0, 'f': 0.0}, 'rouge-2': {'r': 0.0, 'p': 0.0, 'f': 0.0}, 'rouge-l': {'r': 0.0, 'p': 0.0, 'f': 0.0}}]
465:[{'rouge-1': {'r': 0.3333333333333333, 'p': 0.16666666666666666, 'f': 0.22222221777777784}, 'rouge-2': {'r': 0.0, 'p': 0.0, 'f': 0.0}, 'rouge-l': {'r': 0.3333333333333333, 'p': 0.16666666666666666, 'f': 0.22222221777777784}}]
466:[{'rouge-1': {'r': 0.0, 'p': 0.0, 'f': 0.0}, 'rouge-2': {'r': 0.0, 'p': 0.0, 'f': 0.0}, 'rouge-l': {'r': 0.0, 'p': 0.0, 'f': 0.0}}]
467:[{'rouge-1': {'r': 0.0, 'p': 0.0, 'f': 0.0}, 'rouge-2': {'r': 0.0, 'p': 0.0, 'f': 0.0}, 'rouge-l': {'r': 0.0, 'p': 0.0, 'f': 0.0}}]
468:[{'rouge-1': {'r': 0.0, 'p': 0.0, 'f': 0.0}, 'rouge-2': {'r': 0.0, 'p': 0.0, 'f': 0.0}, 'rouge-l': {'r': 0.0, 'p': 0.0, 'f': 0.0}}]
469:[{'rouge-1': {'r': 0.0, 'p': 0.0, 'f': 0.0}, 'rouge-2': {'r': 0.0, 'p': 0.0, 'f': 0.0}, 'rouge-l': {'r': 0.0, 'p': 0.0, 'f': 0.0}}]
470:[{'rouge-1': {'r': 0.0, 'p': 0.0, 'f': 0.0}, 'rouge-2': {'r': 0.0, 'p': 0.0, 'f': 0.0}, 'rouge-l': {'r': 0.0, 'p': 0.0, 'f': 0.0}}]
471:[{'rouge-1': {'r': 0.5, 'p': 0.3333333333333333, 'f': 0.39999999520000007}, 'rouge-2': {'r': 0.0, 'p': 0.0, 'f': 0.0}, 'rouge-l': {'r': 0.5, 'p': 0.3333333333333333, 'f': 0.39999999520000007}}]
472:[{'rouge-1': {'r': 0.0, 'p': 0.0, 'f': 0.0}, 'rouge-2': {'r': 0.0, 'p': 0.0, 'f': 0.0}, 'rouge-l': {'r': 0.0, 'p': 0.0, 'f': 0.0}}]
473:[{'rouge-1': {'r': 0.0, 'p': 0.0, 'f': 0.0}, 'rouge-2': {'r': 0.0, 'p': 0.0, 'f': 0.0}, 'rouge-l': {'r': 0.0, 'p': 0.0, 'f': 0.0}}]
474:[{'rouge-1': {'r': 0.5, 'p': 0.25, 'f': 0.33333332888888895}, 'rouge-2': {'r': 0.0, 'p': 0.0, 'f': 0.0}, 'rouge-l': {'r': 0.5, 'p': 0.25, 'f': 0.33333332888888895}}]
475:[{'rouge-1': {'r': 0.0, 'p': 0.0, 'f': 0.0}, 'rouge-2': {'r': 0.0, 'p': 0.0, 'f': 0.0}, 'rouge-l': {'r': 0.0, 'p': 0.0, 'f': 0.0}}]
476:[{'rouge-1': {'r': 0.0, 'p': 0.0, 'f': 0.0}, 'rouge-2': {'r': 0.0, 'p': 0.0, 'f': 0.0}, 'rouge-l': {'r': 0.0, 'p': 0.0, 'f': 0.0}}]
477:[{'rouge-1': {'r': 0.0, 'p': 0.0, 'f': 0.0}, 'rouge-2': {'r': 0.0, 'p': 0.0, 'f': 0.0}, 'rouge-l': {'r': 0.0, 'p': 0.0, 'f': 0.0}}]
478:[{'rouge-1': {'r': 0.0, 'p': 0.0, 'f': 0.0}, 'rouge-2': {'r': 0.0, 'p': 0.0, 'f': 0.0}, 'rouge-l': {'r': 0.0, 'p': 0.0, 'f': 0.0}}]
479:[{'rouge-1': {'r': 0.0, 'p': 0.0, 'f': 0.0}, 'rouge-2': {'r': 0.0, 'p': 0.0, 'f': 0.0}, 'rouge-l': {'r': 0.0, 'p': 0.0, 'f': 0.0}}]
480:[{'rouge-1': {'r': 0.0, 'p': 0.0, 'f': 0.0}, 'rouge-2': {'r': 0.0, 'p': 0.0, 'f': 0.0}, 'rouge-l': {'r': 0.0, 'p': 0.0, 'f': 0.0}}]
481:[{'rouge-1': {'r': 0.0, 'p': 0.0, 'f': 0.0}, 'rouge-2': {'r': 0.0, 'p': 0.0, 'f': 0.0}, 'rouge-l': {'r': 0.0, 'p': 0.0, 'f': 0.0}}]
482:[{'rouge-1': {'r': 0.0, 'p': 0.0, 'f': 0.0}, 'rouge-2': {'r': 0.0, 'p': 0.0, 'f': 0.0}, 'rouge-l': {'r': 0.0, 'p': 0.0, 'f': 0.0}}]
483:[{'rouge-1': {'r': 0.0, 'p': 0.0, 'f': 0.0}, 'rouge-2': {'r': 0.0, 'p': 0.0, 'f': 0.0}, 'rouge-l': {'r': 0.0, 'p': 0.0, 'f': 0.0}}]
484:[{'rouge-1': {'r': 0.0, 'p': 0.0, 'f': 0.0}, 'rouge-2': {'r': 0.0, 'p': 0.0, 'f': 0.0}, 'rouge-l': {'r': 0.0, 'p': 0.0, 'f': 0.0}}]
485:[{'rouge-1': {'r': 0.0, 'p': 0.0, 'f': 0.0}, 'rouge-2': {'r': 0.0, 'p': 0.0, 'f': 0.0}, 'rouge-l': {'r': 0.0, 'p': 0.0, 'f': 0.0}}]
486:[{'rouge-1': {'r': 0.0, 'p': 0.0, 'f': 0.0}, 'rouge-2': {'r': 0.0, 'p': 0.0, 'f': 0.0}, 'rouge-l': {'r': 0.0, 'p': 0.0, 'f': 0.0}}]
487:[{'rouge-1': {'r': 0.0, 'p': 0.0, 'f': 0.0}, 'rouge-2': {'r': 0.0, 'p': 0.0, 'f': 0.0}, 'rouge-l': {'r': 0.0, 'p': 0.0, 'f': 0.0}}]
488:[{'rouge-1': {'r': 0.5, 'p': 0.5, 'f': 0.4999999950000001}, 'rouge-2': {'r': 0.0, 'p': 0.0, 'f': 0.0}, 'rouge-l': {'r': 0.5, 'p': 0.5, 'f': 0.4999999950000001}}]
489:[{'rouge-1': {'r': 0.0, 'p': 0.0, 'f': 0.0}, 'rouge-2': {'r': 0.0, 'p': 0.0, 'f': 0.0}, 'rouge-l': {'r': 0.0, 'p': 0.0, 'f': 0.0}}]
490:[{'rouge-1': {'r': 0.0, 'p': 0.0, 'f': 0.0}, 'rouge-2': {'r': 0.0, 'p': 0.0, 'f': 0.0}, 'rouge-l': {'r': 0.0, 'p': 0.0, 'f': 0.0}}]
491:[{'rouge-1': {'r': 0.0, 'p': 0.0, 'f': 0.0}, 'rouge-2': {'r': 0.0, 'p': 0.0, 'f': 0.0}, 'rouge-l': {'r': 0.0, 'p': 0.0, 'f': 0.0}}]
492:[{'rouge-1': {'r': 0.3333333333333333, 'p': 0.25, 'f': 0.2857142808163266}, 'rouge-2': {'r': 0.0, 'p': 0.0, 'f': 0.0}, 'rouge-l': {'r': 0.3333333333333333, 'p': 0.25, 'f': 0.2857142808163266}}]
493:[{'rouge-1': {'r': 0.0, 'p': 0.0, 'f': 0.0}, 'rouge-2': {'r': 0.0, 'p': 0.0, 'f': 0.0}, 'rouge-l': {'r': 0.0, 'p': 0.0, 'f': 0.0}}]
494:[{'rouge-1': {'r': 0.0, 'p': 0.0, 'f': 0.0}, 'rouge-2': {'r': 0.0, 'p': 0.0, 'f': 0.0}, 'rouge-l': {'r': 0.0, 'p': 0.0, 'f': 0.0}}]
495:[{'rouge-1': {'r': 0.0, 'p': 0.0, 'f': 0.0}, 'rouge-2': {'r': 0.0, 'p': 0.0, 'f': 0.0}, 'rouge-l': {'r': 0.0, 'p': 0.0, 'f': 0.0}}]
496:[{'rouge-1': {'r': 0.6666666666666666, 'p': 1.0, 'f': 0.7999999952000001}, 'rouge-2': {'r': 0.5, 'p': 1.0, 'f': 0.6666666622222223}, 'rouge-l': {'r': 0.6666666666666666, 'p': 1.0, 'f': 0.7999999952000001}}]
497:[{'rouge-1': {'r': 0.0, 'p': 0.0, 'f': 0.0}, 'rouge-2': {'r': 0.0, 'p': 0.0, 'f': 0.0}, 'rouge-l': {'r': 0.0, 'p': 0.0, 'f': 0.0}}]
498:[{'rouge-1': {'r': 0.0, 'p': 0.0, 'f': 0.0}, 'rouge-2': {'r': 0.0, 'p': 0.0, 'f': 0.0}, 'rouge-l': {'r': 0.0, 'p': 0.0, 'f': 0.0}}]
499:[{'rouge-1': {'r': 0.5, 'p': 1.0, 'f': 0.6666666622222223}, 'rouge-2': {'r': 0.0, 'p': 0.0, 'f': 0.0}, 'rouge-l': {'r': 0.5, 'p': 1.0, 'f': 0.6666666622222223}}]
500:[{'rouge-1': {'r': 0.0, 'p': 0.0, 'f': 0.0}, 'rouge-2': {'r': 0.0, 'p': 0.0, 'f': 0.0}, 'rouge-l': {'r': 0.0, 'p': 0.0, 'f': 0.0}}]
501:[{'rouge-1': {'r': 0.5, 'p': 0.5, 'f': 0.4999999950000001}, 'rouge-2': {'r': 0.3333333333333333, 'p': 0.3333333333333333, 'f': 0.3333333283333334}, 'rouge-l': {'r': 0.5, 'p': 0.5, 'f': 0.4999999950000001}}]
